"","pvalue","ARI","Gene","TruePvalue","Clustering","Thinning","GeneSymbol"
"1",1.88787806569695e-68,0.477523716648093,"ENSG00000116649",0,"Univariate","Conditional","SRM"
"2",1.37601254347137e-102,0.551940330248396,"ENSG00000179051",0,"Univariate","Conditional","RCC2"
"3",5.37962274746982e-67,0.494614540304623,"ENSG00000004487",0,"Univariate","Conditional","KDM1A"
"4",7.71101823204326e-153,0.567818109716072,"ENSG00000117632",0,"Univariate","Conditional","STMN1"
"5",5.41069129178905e-109,0.539225894636707,"ENSG00000132780",0,"Univariate","Conditional","NASP"
"6",9.63651787144293e-105,0.515943867261918,"ENSG00000116221",0,"Univariate","Conditional","MRPL37"
"7",5.25972257184392e-138,0.554662834441691,"ENSG00000163399",0,"Univariate","Conditional","ATP1A1"
"8",9.56961433996499e-61,0.338571441148342,"ENSG00000066294",0,"Univariate","Conditional","CD84"
"9",9.76236381657027e-73,0.45795902795989,"ENSG00000143198",0,"Univariate","Conditional","MGST3"
"10",1.95358348660022e-135,0.591870173176381,"ENSG00000069275",0,"Univariate","Conditional","NUCKS1"
"11",1.83422246853434e-112,0.569505399201629,"ENSG00000117691",0,"Univariate","Conditional","NENF"
"12",8.55941294580628e-80,0.459683086523407,"ENSG00000143799",0,"Univariate","Conditional","PARP1"
"13",6.10643546715559e-89,0.47011084678759,"ENSG00000134308",0,"Univariate","Conditional","YWHAQ"
"14",3.11828584690322e-112,0.483897242838355,"ENSG00000143870",0,"Univariate","Conditional","PDIA6"
"15",6.2776559345966e-78,0.425413218490372,"ENSG00000138095",0,"Univariate","Conditional","LRPPRC"
"16",2.63257593641118e-114,0.550670692667494,"ENSG00000115355",0,"Univariate","Conditional","CCDC88A"
"17",1.2024860441298e-170,0.698535760776837,"ENSG00000118640",0,"Univariate","Conditional","VAMP8"
"18",1.28231572821066e-82,0.515884183611377,"ENSG00000158417",0,"Univariate","Conditional","EIF5B"
"19",2.93761792328943e-66,0.477747045139124,"ENSG00000175701",0,"Univariate","Conditional","MTLN"
"20",6.45844203056926e-155,0.682015903907745,"ENSG00000152082",0,"Univariate","Conditional","MZT2B"
"21",4.79059485007157e-81,0.472506378282773,"ENSG00000091436",0,"Univariate","Conditional","MAP3K20"
"22",2.27055701641041e-90,0.484585400597513,"ENSG00000115541",0,"Univariate","Conditional","HSPE1"
"23",8.34294653109591e-88,0.435940467184101,"ENSG00000055044",0,"Univariate","Conditional","NOP58"
"24",3.7476878210617e-188,0.68911265479243,"ENSG00000114942",0,"Univariate","Conditional","EEF1B2"
"25",3.02712231687934e-92,0.529585796187272,"ENSG00000132182",0,"Univariate","Conditional","NUP210"
"26",6.43452153200812e-68,0.403455584649458,"ENSG00000178035",0,"Univariate","Conditional","IMPDH2"
"27",1.89110303797424e-178,0.696726904876948,"ENSG00000233276",0,"Univariate","Conditional","GPX1"
"28",4.99119832466626e-93,0.515943867261918,"ENSG00000163938",0,"Univariate","Conditional","GNL3"
"29",1.35152175883541e-64,0.502423276350972,"ENSG00000073792",0,"Univariate","Conditional","IGF2BP2"
"30",2.98914023577075e-40,0.339703150227931,"ENSG00000004468",0,"Univariate","Conditional","CD38"
"31",2.49541189553067e-143,0.568892144676834,"ENSG00000163453",0,"Univariate","Conditional","IGFBP7"
"32",1.17905699549729e-120,0.54609330756891,"ENSG00000124882",0,"Univariate","Conditional","EREG"
"33",1.29799319864525e-65,0.452052349423573,"ENSG00000198498",0,"Univariate","Conditional","TMA16"
"34",1.24368753399809e-32,0.308035656010464,"ENSG00000134986",0,"Univariate","Conditional","NREP"
"35",3.27570141918057e-63,0.405124930832142,"ENSG00000213585",0,"Univariate","Conditional","VDAC1"
"36",4.58178949412906e-102,0.47572644931665,"ENSG00000184584",0,"Univariate","Conditional","STING1"
"37",1.04833831860632e-119,0.594842278707474,"ENSG00000145912",0,"Univariate","Conditional","NHP2"
"38",2.80530773964413e-63,0.394705811341887,"ENSG00000124766",0,"Univariate","Conditional","SOX4"
"39",1.12778477594354e-42,0.337394684840654,"ENSG00000204287",0,"Univariate","Conditional","HLA-DRA"
"40",1.24810110255154e-111,0.525553135003106,"ENSG00000137288",0,"Univariate","Conditional","UQCC2"
"41",5.20509417784924e-116,0.546393118660723,"ENSG00000137309",0,"Univariate","Conditional","HMGA1"
"42",9.47535656162022e-75,0.474829073127857,"ENSG00000124767",0,"Univariate","Conditional","GLO1"
"43",5.42382490627736e-147,0.594015561918756,"ENSG00000096384",0,"Univariate","Conditional","HSP90AB1"
"44",2.32047578303051e-83,0.520055856770045,"ENSG00000118418",0,"Univariate","Conditional","HMGN3"
"45",2.51728093748405e-114,0.56992709466261,"ENSG00000106268",0,"Univariate","Conditional","NUDT1"
"46",8.58596342933931e-70,0.448720821240177,"ENSG00000106263",0,"Univariate","Conditional","EIF3B"
"47",8.23614034046966e-39,0.393974259091746,"ENSG00000122644",0,"Univariate","Conditional","ARL4A"
"48",8.70313970745562e-82,0.533162560492685,"ENSG00000006625",0,"Univariate","Conditional","GGCT"
"49",4.67156265836926e-116,0.570019275479657,"ENSG00000106355",0,"Univariate","Conditional","LSM5"
"50",1.42102255340732e-71,0.395959406584155,"ENSG00000106211",0,"Univariate","Conditional","HSPB1"
"51",1.00566504844336e-70,0.416492258526125,"ENSG00000166508",0,"Univariate","Conditional","MCM7"
"52",4.99911260845578e-72,0.391499603058221,"ENSG00000105967",0,"Univariate","Conditional","TFEC"
"53",2.03343317147432e-104,0.531733327311169,"ENSG00000197157",0,"Univariate","Conditional","SND1"
"54",2.86413772957645e-123,0.593975278639702,"ENSG00000283041",0,"Univariate","Conditional","LOC729998"
"55",1.0547086049841e-95,0.49160145530049,"ENSG00000155660",0,"Univariate","Conditional","PDIA4"
"56",1.04314195541943e-73,0.361709656416698,"ENSG00000120885",0,"Univariate","Conditional","CLU"
"57",2.16436005483267e-129,0.6033035663602,"ENSG00000187840",0,"Univariate","Conditional","EIF4EBP1"
"58",4.54941578808017e-42,0.376361847587018,"ENSG00000104738",0,"Univariate","Conditional","MCM4"
"59",6.74514020605275e-63,0.416565116032198,"ENSG00000164687",0,"Univariate","Conditional","FABP5"
"60",1.12450302188669e-85,0.469304460602436,"ENSG00000175768",0,"Univariate","Conditional","TOMM5"
"61",5.38495352895224e-96,0.569672284559575,"ENSG00000054148",0,"Univariate","Conditional","PHPT1"
"62",6.69913066788411e-97,0.504323462176537,"ENSG00000165512",0,"Univariate","Conditional","ZNF22"
"63",6.16907374813444e-125,0.510095769228573,"ENSG00000180817",0,"Univariate","Conditional","PPA1"
"64",2.70001194702147e-78,0.522848445310905,"ENSG00000127884",0,"Univariate","Conditional","ECHS1"
"65",8.94292980327746e-99,0.538043869612067,"ENSG00000214026",0,"Univariate","Conditional","MRPL23"
"66",4.20657541320166e-86,0.50443692088668,"ENSG00000110651",0,"Univariate","Conditional","CD81"
"67",8.69214827550806e-82,0.505286776168238,"ENSG00000244398",0,"Univariate","Conditional","RPL36AP37"
"68",7.17988545009628e-73,0.530551858085257,"ENSG00000244313",0,"Univariate","Conditional",NA
"69",3.76218737063946e-106,0.446548460827711,"ENSG00000149136",0,"Univariate","Conditional","SSRP1"
"70",1.66589229631214e-87,0.506582573838459,"ENSG00000134809",0,"Univariate","Conditional","TIMM10"
"71",8.92090644588478e-96,0.537718371855218,"ENSG00000211450",0,"Univariate","Conditional","SELENOH"
"72",1.04029166828208e-71,0.461504442761476,"ENSG00000124942",0,"Univariate","Conditional","AHNAK"
"73",4.36073622274281e-80,0.499795480070123,"ENSG00000162302",0,"Univariate","Conditional","RPS6KA4"
"74",1.28880930638701e-117,0.543681051009505,"ENSG00000175334",0,"Univariate","Conditional","BANF1"
"75",1.35826289111012e-85,0.510460521650701,"ENSG00000174547",0,"Univariate","Conditional","MRPL11"
"76",3.78051596501325e-223,0.730702331317491,"ENSG00000084207",0,"Univariate","Conditional","GSTP1"
"77",1.96376238743454e-68,0.511964847468538,"ENSG00000167792",0,"Univariate","Conditional","NDUFV1"
"78",3.60129745481755e-98,0.566384192359637,"ENSG00000110717",0,"Univariate","Conditional","NDUFS8"
"79",1.86417426050728e-95,0.521084449232465,"ENSG00000074201",0,"Univariate","Conditional","CLNS1A"
"80",1.67360266571005e-101,0.505826327697651,"ENSG00000060138",0,"Univariate","Conditional","YBX3"
"81",1.89682851890038e-145,0.584847470594016,"ENSG00000008394",0,"Univariate","Conditional","MGST1"
"82",5.77444148675701e-152,0.594938151650746,"ENSG00000111716",0,"Univariate","Conditional","LDHB"
"83",1.86952741122686e-126,0.558678108765524,"ENSG00000170515",0,"Univariate","Conditional","PA2G4"
"84",1.95349474771605e-82,0.388489024198067,"ENSG00000166226",0,"Univariate","Conditional","CCT2"
"85",1.1802393870924e-145,0.590010129058243,"ENSG00000139343",0,"Univariate","Conditional","SNRPF"
"86",7.64304853450964e-82,0.542132476594997,"ENSG00000120802",0,"Univariate","Conditional","TMPO"
"87",4.33487955525814e-116,0.519255216190489,"ENSG00000089220",0,"Univariate","Conditional","PEBP1"
"88",1.20373306997057e-84,0.491183802312254,"ENSG00000110917",0,"Univariate","Conditional","MLEC"
"89",2.0181206055456e-138,0.598019141549866,"ENSG00000132341",0,"Univariate","Conditional","RAN"
"90",3.94567741026685e-90,0.45727610506713,"ENSG00000173141",0,"Univariate","Conditional","MRPL57"
"91",1.15082634828631e-93,0.487674552005992,"ENSG00000122025",0,"Univariate","Conditional","FLT3"
"92",3.27094686112202e-44,0.413683794216501,"ENSG00000120694",0,"Univariate","Conditional","HSPH1"
"93",1.93847689481334e-91,0.54738883972566,"ENSG00000120675",0,"Univariate","Conditional","DNAJC15"
"94",7.55579290726699e-90,0.477291139949953,"ENSG00000136104",0,"Univariate","Conditional","RNASEH2B"
"95",1.12800390836858e-68,0.44515144461507,"ENSG00000065150",0,"Univariate","Conditional","IPO5"
"96",1.21725014334148e-122,0.536243490078012,"ENSG00000100823",0,"Univariate","Conditional","APEX1"
"97",7.0538768247303e-89,0.460885397601399,"ENSG00000100911",0,"Univariate","Conditional","PSME2"
"98",6.28269583791461e-90,0.521212617226452,"ENSG00000119632",0,"Univariate","Conditional","IFI27L2"
"99",6.01157734453906e-93,0.505070541704792,"ENSG00000184990",0,"Univariate","Conditional","SIVA1"
"100",8.0766727191422e-80,0.429287465389072,"ENSG00000140545",0,"Univariate","Conditional","MFGE8"
"101",3.12654670337966e-108,0.480049843383235,"ENSG00000182054",0,"Univariate","Conditional","IDH2"
"102",9.34999146810385e-70,0.527441135649756,"ENSG00000130731",0,"Univariate","Conditional","METTL26"
"103",5.99765174955354e-83,0.536592214712246,"ENSG00000074071",0,"Univariate","Conditional","MRPS34"
"104",1.69533627403596e-82,0.440844933148222,"ENSG00000171490",0,"Univariate","Conditional","RSL1D1"
"105",7.11596971838609e-34,0.304423298894871,"ENSG00000125148",0,"Univariate","Conditional","MT2A"
"106",3.35782078539766e-74,0.439872043387468,"ENSG00000140968",0,"Univariate","Conditional","IRF8"
"107",1.79156276172661e-102,0.520737054203505,"ENSG00000198931",0,"Univariate","Conditional","APRT"
"108",1.67633242699177e-136,0.544850745830905,"ENSG00000108561",0,"Univariate","Conditional","C1QBP"
"109",3.6194408622412e-67,0.514568066728689,"ENSG00000168961",0,"Univariate","Conditional","LGALS9"
"110",6.73411012960475e-102,0.462846450652868,"ENSG00000159199",0,"Univariate","Conditional","ATP5MC1"
"111",5.11420228505871e-91,0.532730397570669,"ENSG00000167085",0,"Univariate","Conditional","PHB1"
"112",9.75375282917758e-37,0.338571441148342,"ENSG00000239672",0,"Univariate","Conditional","NME1"
"113",1.30436556670591e-39,0.296013021121144,"ENSG00000243678",0,"Univariate","Conditional","NME2"
"114",2.21271546838014e-66,0.501961338017593,"ENSG00000224877",0,"Univariate","Conditional","NDUFAF8"
"115",8.47587692492948e-66,0.48004891736836,"ENSG00000169689",0,"Univariate","Conditional","CENPX"
"116",6.93806750526107e-57,0.446107626895256,"ENSG00000176890",0,"Univariate","Conditional","TYMS"
"117",7.83764010413861e-68,0.381282096519145,"ENSG00000132205",0,"Univariate","Conditional","EMILIN2"
"118",7.12342052973307e-103,0.545211345444659,"ENSG00000167088",0,"Univariate","Conditional","SNRPD1"
"119",1.02517798837868e-76,0.375309902745816,"ENSG00000074695",0,"Univariate","Conditional","LMAN1"
"120",7.26362181427322e-163,0.643286286955664,"ENSG00000167468",0,"Univariate","Conditional","GPX4"
"121",5.71205336508066e-119,0.566978266040197,"ENSG00000130332",0,"Univariate","Conditional","LSM7"
"122",2.70324943246086e-100,0.550204634114034,"ENSG00000099800",0,"Univariate","Conditional","TIMM13"
"123",4.99512835923314e-86,0.520932352350329,"ENSG00000104964",0,"Univariate","Conditional","TLE5"
"124",5.30936963707222e-74,0.48460861273516,"ENSG00000074842",0,"Univariate","Conditional","MYDGF"
"125",2.15598366754096e-70,0.492781989303888,"ENSG00000276043",0,"Univariate","Conditional","UHRF1"
"126",9.30345036148114e-81,0.525830112355052,"ENSG00000174917",0,"Univariate","Conditional","MICOS13"
"127",2.02533368057057e-114,0.525623408809195,"ENSG00000130816",0,"Univariate","Conditional","DNMT1"
"128",2.34062310536591e-53,0.475871818925237,"ENSG00000105364",0,"Univariate","Conditional","MRPL4"
"129",3.32270213275649e-87,0.536742711635253,"ENSG00000179271",0,"Univariate","Conditional","GADD45GIP1"
"130",1.27618385647232e-79,0.436536203181959,"ENSG00000130520",0,"Univariate","Conditional","LSM4"
"131",9.01912087835071e-64,0.452633243316951,"ENSG00000105677",0,"Univariate","Conditional","TMEM147"
"132",1.30720697055034e-111,0.49954538441727,"ENSG00000105202",0,"Univariate","Conditional","FBL"
"133",5.99536769491651e-81,0.487691152893407,"ENSG00000077312",0,"Univariate","Conditional","SNRPA"
"134",2.55042177320116e-142,0.616286624707761,"ENSG00000125743",0,"Univariate","Conditional","SNRPD2"
"135",1.26461066478472e-119,0.474376776359154,"ENSG00000105472",0,"Univariate","Conditional","CLEC11A"
"136",4.06338767822521e-81,0.424484923644497,"ENSG00000101361",0,"Univariate","Conditional","NOP56"
"137",3.80497355831326e-116,0.521398328446227,"ENSG00000101347",0,"Univariate","Conditional","SAMHD1"
"138",1.27124113327066e-65,0.505465581705759,"ENSG00000093072",0,"Univariate","Conditional","ADA2"
"139",4.47128843182593e-104,0.572012597263394,"ENSG00000093010",0,"Univariate","Conditional","COMT"
"140",1.93711673679692e-82,0.46156208211457,"ENSG00000099901",0,"Univariate","Conditional","RANBP1"
"141",1.07283556275559e-60,0.394463013684728,"ENSG00000128228",0,"Univariate","Conditional","SDF2L1"
"142",3.7396140269036e-67,0.488078377273741,"ENSG00000250479",0,"Univariate","Conditional","CHCHD10"
"143",7.65185507347511e-105,0.523539565821735,"ENSG00000240972",0,"Univariate","Conditional","MIF"
"144",2.14403486122672e-109,0.51800697815973,"ENSG00000100219",0,"Univariate","Conditional","XBP1"
"145",6.10771158666329e-76,0.495650548260623,"ENSG00000100297",0,"Univariate","Conditional","MCM5"
"146",8.01434881680224e-200,0.721149649131859,"ENSG00000241343",0,"Univariate","Conditional","RPL36A"
"147",5.28784069465063e-54,0.380733318468164,"ENSG00000136824",7.77806984710559e-308,"Univariate","Conditional","SMC2"
"148",2.00897566655007e-116,0.591120484323451,"ENSG00000179218",1.98469146427243e-307,"Univariate","Conditional","CALR"
"149",1.43957943652514e-104,0.541768837421717,"ENSG00000102054",3.52320928346074e-307,"Univariate","Conditional","RBBP7"
"150",1.00868374131127e-75,0.486583333897739,"ENSG00000148229",8.70475132469493e-307,"Univariate","Conditional","POLE3"
"151",6.74589987121642e-66,0.369533104293944,"ENSG00000112118",1.31369316832663e-306,"Univariate","Conditional","MCM3"
"152",1.90723776708618e-64,0.409265047073485,"ENSG00000092853",3.92425965720437e-306,"Univariate","Conditional","CLSPN"
"153",1.65096435499532e-76,0.497413892942305,"ENSG00000246705",5.47661426635169e-306,"Univariate","Conditional","H2AJ"
"154",3.6262803550498e-74,0.410216258970861,"ENSG00000108861",3.18096877308677e-305,"Univariate","Conditional","DUSP3"
"155",9.23509118608423e-97,0.534921754681555,"ENSG00000111142",1.24579444720455e-304,"Univariate","Conditional","METAP2"
"156",7.07326762246303e-126,0.609283270216804,"ENSG00000178741",1.95321457974927e-304,"Univariate","Conditional","COX5A"
"157",1.36803416491963e-68,0.488805363982193,"ENSG00000141385",2.36559815307784e-304,"Univariate","Conditional","AFG3L2"
"158",7.41228881312169e-98,0.576567012707469,"ENSG00000169567",3.24192526152722e-304,"Univariate","Conditional","HINT1"
"159",2.64438674679827e-89,0.545209011655202,"ENSG00000141759",1.11439569084686e-303,"Univariate","Conditional","TXNL4A"
"160",3.74817674437088e-82,0.473238616937869,"ENSG00000129351",1.71312825472362e-303,"Univariate","Conditional","ILF3"
"161",7.01849095056154e-89,0.521151552445397,"ENSG00000253729",3.50597466110508e-303,"Univariate","Conditional","PRKDC"
"162",4.61760033184972e-57,0.449460338885591,"ENSG00000110107",1.23169012238291e-302,"Univariate","Conditional","PRPF19"
"163",1.64583105469913e-69,0.513460527521749,"ENSG00000004779",1.39889806604596e-302,"Univariate","Conditional","NDUFAB1"
"164",2.45248970007328e-81,0.519866665419801,"ENSG00000166326",5.56911795345275e-302,"Univariate","Conditional","TRIM44"
"165",4.14979165828052e-69,0.45775123255068,"ENSG00000196498",1.17259084634139e-301,"Univariate","Conditional","NCOR2"
"166",1.21791749830965e-51,0.36231099207913,"ENSG00000257698",2.2968794290808e-301,"Univariate","Conditional","GIHCG"
"167",3.32615005141947e-61,0.459699010730174,"ENSG00000128487",2.6695733009033e-301,"Univariate","Conditional","SPECC1"
"168",2.0801446984739e-108,0.539502527475598,"ENSG00000125944",1.12689346023977e-300,"Univariate","Conditional","HNRNPR"
"169",3.01353805897168e-102,0.479485980084809,"ENSG00000137563",1.15199635103498e-300,"Univariate","Conditional","GGH"
"170",2.32054047612876e-59,0.376306944652364,"ENSG00000079616",1.71999477589728e-300,"Univariate","Conditional","KIF22"
"171",1.5482693965658e-66,0.436940589206366,"ENSG00000012061",1.48118583626358e-299,"Univariate","Conditional","ERCC1"
"172",8.1208440164576e-105,0.583229357246844,"ENSG00000005022",1.86039673094381e-299,"Univariate","Conditional","SLC25A5"
"173",3.19898656609576e-46,0.339644492837628,"ENSG00000167325",3.07950892746807e-299,"Univariate","Conditional","RRM1"
"174",1.5116001902284e-47,0.304423298894871,"ENSG00000162909",1.55212990205694e-298,"Univariate","Conditional","CAPN2"
"175",1.78690116117495e-64,0.458108036473349,"ENSG00000205339",2.21395343339738e-298,"Univariate","Conditional","IPO7"
"176",1.39777584492689e-221,0.838470593597568,"ENSG00000089157",3.64476435403065e-298,"Univariate","Conditional","RPLP0"
"177",6.9876551421359e-90,0.455965173355125,"ENSG00000144354",3.66146426321973e-298,"Univariate","Conditional","CDCA7"
"178",1.30742227348953e-46,0.325714682627787,"ENSG00000092964",4.5202985370321e-298,"Univariate","Conditional","DPYSL2"
"179",9.52595536075747e-57,0.425779316115332,"ENSG00000132646",1.0489653238883e-297,"Univariate","Conditional","PCNA"
"180",4.27448617743895e-66,0.443464933456072,"ENSG00000105810",2.7453330944095e-297,"Univariate","Conditional","CDK6"
"181",4.93373128456757e-65,0.422266397300712,"ENSG00000198856",4.61967647822068e-297,"Univariate","Conditional","OSTC"
"182",1.73139724170991e-73,0.450374796116106,"ENSG00000087269",5.73927954398693e-297,"Univariate","Conditional","NOP14"
"183",1.36398848307219e-112,0.53169786244272,"ENSG00000127922",6.23561273825732e-297,"Univariate","Conditional","SEM1"
"184",1.61125641049623e-109,0.554518745823639,"ENSG00000115053",7.07386532317396e-297,"Univariate","Conditional","NCL"
"185",6.8011722734725e-75,0.448913701945178,"ENSG00000135905",7.120667084317e-297,"Univariate","Conditional","DOCK10"
"186",3.73187470747352e-96,0.524960611162615,"ENSG00000144381",1.34910462228763e-296,"Univariate","Conditional","HSPD1"
"187",2.13923308668803e-69,0.496197895664964,"ENSG00000176978",1.44976753364441e-296,"Univariate","Conditional","DPP7"
"188",1.04823020823825e-67,0.435645939065388,"ENSG00000087116",1.47615668090135e-296,"Univariate","Conditional","ADAMTS2"
"189",6.20498029880803e-50,0.400818953465514,"ENSG00000061794",1.6304306724015e-296,"Univariate","Conditional","MRPS35"
"190",1.34312901408538e-64,0.444352397145341,"ENSG00000103335",1.80195816711376e-296,"Univariate","Conditional","PIEZO1"
"191",2.68215619566559e-59,0.451215640142061,"ENSG00000163584",2.71086029332485e-296,"Univariate","Conditional","RPL22L1"
"192",1.27865516382301e-80,0.516437383591058,"ENSG00000006015",2.85810393172059e-296,"Univariate","Conditional","REX1BD"
"193",1.04220008047243e-100,0.428728485506522,"ENSG00000182718",3.43269046754292e-296,"Univariate","Conditional","ANXA2"
"194",1.89006863618944e-111,0.553846342440362,"ENSG00000172232",4.26410292515006e-296,"Univariate","Conditional","AZU1"
"195",1.34906710774418e-110,0.594037089137896,"ENSG00000166598",7.5700748186552e-296,"Univariate","Conditional","HSP90B1"
"196",4.12004880912169e-69,0.408231361246659,"ENSG00000173457",8.92061105974569e-296,"Univariate","Conditional","PPP1R14B"
"197",5.01718258119525e-89,0.490229666463656,"ENSG00000172590",1.11914472176189e-295,"Univariate","Conditional","MRPL52"
"198",7.34866394946464e-58,0.446084178670599,"ENSG00000172716",1.56041064189227e-295,"Univariate","Conditional","SLFN11"
"199",1.0335848043598e-59,0.396154644786688,"ENSG00000128050",1.69090045742063e-295,"Univariate","Conditional","PAICS"
"200",8.32987664907697e-52,0.445983166568369,"ENSG00000123131",2.70551898161474e-295,"Univariate","Conditional","PRDX4"
"201",1.33266387193244e-56,0.440497996759642,"ENSG00000136261",3.05581250339927e-295,"Univariate","Conditional","BZW2"
"202",1.40281632592692e-58,0.482962725503761,"ENSG00000108179",1.00004508837367e-294,"Univariate","Conditional","PPIF"
"203",7.3697425155245e-72,0.445668558571184,"ENSG00000053371",1.14479916924004e-294,"Univariate","Conditional","AKR7A2"
"204",2.69491012617838e-42,0.304542794711742,"ENSG00000114686",1.90277914166889e-294,"Univariate","Conditional","MRPL3"
"205",7.19257803963189e-96,0.583933808391914,"ENSG00000187109",2.98574016094477e-294,"Univariate","Conditional","NAP1L1"
"206",3.5010409624423e-51,0.417490708068302,"ENSG00000160818",3.50987561041871e-294,"Univariate","Conditional","GPATCH4"
"207",9.64525140109187e-57,0.451693033796691,"ENSG00000126457",5.39076676051079e-294,"Univariate","Conditional","PRMT1"
"208",4.26608712286224e-66,0.486849683997253,"ENSG00000163811",5.88696074766987e-294,"Univariate","Conditional","WDR43"
"209",1.3325758351845e-58,0.407348153429329,"ENSG00000090013",1.57465655791739e-293,"Univariate","Conditional","BLVRB"
"210",2.62271487682288e-67,0.40454897258533,"ENSG00000166803",1.67173381462166e-293,"Univariate","Conditional","PCLAF"
"211",7.02181893134537e-108,0.560199629132696,"ENSG00000132507",2.29941445585594e-293,"Univariate","Conditional","EIF5A"
"212",3.43720832046884e-161,0.695053173756735,"ENSG00000198755",2.91701805713337e-293,"Univariate","Conditional","RPL10A"
"213",1.22254244939976e-50,0.345191448594126,"ENSG00000269893",3.38148792155703e-293,"Univariate","Conditional","SNHG8"
"214",3.84740846599631e-69,0.451187922205232,"ENSG00000102172",3.68880622626423e-293,"Univariate","Conditional","SMS"
"215",2.02098519896719e-70,0.398703240046965,"ENSG00000136315",6.61856217800783e-293,"Univariate","Conditional",NA
"216",2.46016770293017e-58,0.432894726304445,"ENSG00000180992",9.01040777118406e-293,"Univariate","Conditional","MRPL14"
"217",1.32309626718676e-147,0.680548668152327,"ENSG00000180879",1.10805463361479e-292,"Univariate","Conditional","SSR4"
"218",2.45482298253184e-74,0.459074834573868,"ENSG00000119705",6.87473808496175e-292,"Univariate","Conditional","SLIRP"
"219",2.65397831150321e-55,0.43110180918022,"ENSG00000196305",7.98251833289242e-292,"Univariate","Conditional","IARS1"
"220",1.00906845153828e-59,0.476857569160235,"ENSG00000100216",9.04591152076795e-292,"Univariate","Conditional","TOMM22"
"221",1.09244274473823e-60,0.444327006697663,"ENSG00000104613",1.04640923065416e-291,"Univariate","Conditional","INTS10"
"222",8.10596232301361e-116,0.544204640451866,"ENSG00000130303",1.55316425287997e-291,"Univariate","Conditional","BST2"
"223",7.70096504542382e-58,0.442161699551891,"ENSG00000168393",1.80579106207679e-291,"Univariate","Conditional","DTYMK"
"224",2.37910943282404e-82,0.488523107750183,"ENSG00000142168",1.88922172651934e-291,"Univariate","Conditional","SOD1"
"225",2.67884127011091e-68,0.483491643693285,"ENSG00000178952",1.94096298601194e-291,"Univariate","Conditional","TUFM"
"226",1.34706457443967e-51,0.379103998980812,"ENSG00000136826",3.88721546755343e-291,"Univariate","Conditional","KLF4"
"227",1.03700175448494e-106,0.528790203482609,"ENSG00000090266",6.22701315860723e-291,"Univariate","Conditional","NDUFB2"
"228",5.26139906131639e-132,0.619238829112755,"ENSG00000164405",7.13895690778813e-291,"Univariate","Conditional","UQCRQ"
"229",7.65252150873178e-44,0.420639986749889,"ENSG00000004399",9.42195968785342e-291,"Univariate","Conditional","PLXND1"
"230",1.84803922397156e-158,0.724639328211603,"ENSG00000135486",1.14703366145272e-290,"Univariate","Conditional","HNRNPA1"
"231",5.60376891965765e-64,0.474112856653011,"ENSG00000105373",1.43638334562002e-290,"Univariate","Conditional","NOP53"
"232",4.53422035983938e-69,0.451064715557354,"ENSG00000095380",3.1868685657359e-290,"Univariate","Conditional","NANS"
"233",3.49685230032631e-46,0.382967257304116,"ENSG00000138363",5.13658745283064e-290,"Univariate","Conditional","ATIC"
"234",7.15105608992575e-61,0.461696472209894,"ENSG00000155438",6.01525680855803e-290,"Univariate","Conditional","NIFK"
"235",1.70954908112321e-91,0.515179022446269,"ENSG00000215021",6.95347979889091e-290,"Univariate","Conditional","PHB2"
"236",3.66017768417835e-124,0.572012597263394,"ENSG00000089327",7.05086751217835e-290,"Univariate","Conditional","FXYD5"
"237",7.74516831239198e-59,0.48148681381197,"ENSG00000184752",1.71485392162632e-289,"Univariate","Conditional","NDUFA12"
"238",1.5627041943453e-102,0.532896695346616,"ENSG00000128951",3.87412932596422e-289,"Univariate","Conditional","DUT"
"239",1.11060118820669e-75,0.474081079790208,"ENSG00000205544",5.67318774184484e-289,"Univariate","Conditional","TMEM256"
"240",3.17514287343349e-132,0.655955431021065,"ENSG00000083845",9.26822092696337e-289,"Univariate","Conditional","RPS5"
"241",1.64445065766008e-47,0.42616696208278,"ENSG00000068724",9.796823683556e-289,"Univariate","Conditional","TTC7A"
"242",2.02862935342954e-53,0.402339947706497,"ENSG00000167513",1.11978965889156e-288,"Univariate","Conditional","CDT1"
"243",6.2382642671876e-59,0.469826042859754,"ENSG00000146731",6.17454317609101e-288,"Univariate","Conditional","CCT6A"
"244",5.55155926040641e-38,0.384705548533859,"ENSG00000196950",7.67335576705336e-288,"Univariate","Conditional","SLC39A10"
"245",1.1679124619631e-37,0.290118210519343,"ENSG00000154146",1.45826826500752e-287,"Univariate","Conditional","NRGN"
"246",1.60741554117873e-47,0.435727350654929,"ENSG00000100321",1.85390705351508e-287,"Univariate","Conditional","SYNGR1"
"247",1.73791638469855e-71,0.484536918893269,"ENSG00000109685",3.62919483902033e-287,"Univariate","Conditional","NSD2"
"248",1.21610876352196e-64,0.454185341519801,"ENSG00000135446",4.75423166021783e-287,"Univariate","Conditional","CDK4"
"249",1.62335919098368e-62,0.452299902541207,"ENSG00000149485",4.86732321653863e-287,"Univariate","Conditional","FADS1"
"250",1.28791524391071e-70,0.466937547089552,"ENSG00000163463",5.38658060012332e-287,"Univariate","Conditional","KRTCAP2"
"251",0.828731541675013,0.00698765823725638,"ENSG00000263015",0.999737365187754,"Univariate","Conditional",NA
"252",0.0785759182451601,-0.00687600659531828,"ENSG00000231551",0.995950960455154,"Univariate","Conditional","PDE4DIPP6"
"253",0.507111947333818,0.0173815383344041,"ENSG00000279753",0.995211925281754,"Univariate","Conditional",NA
"254",0.955188127273416,0.0044007671609258,"ENSG00000253475",0.993846706935438,"Univariate","Conditional",NA
"255",0.736558455114866,0.0060416844370237,"ENSG00000259007",0.989436434286504,"Univariate","Conditional",NA
"256",0.018104607736312,0.00299939273476616,"ENSG00000180891",0.988822610134249,"Univariate","Conditional","CUEDC1"
"257",0.784177353063574,0.00389389394463258,"ENSG00000249863",0.987288353621557,"Univariate","Conditional",NA
"258",0.928336364576102,0.00556130695571096,"ENSG00000258565",0.985997513052463,"Univariate","Conditional",NA
"259",0.790940297562206,0.000762466321768801,"ENSG00000266111",0.98449836912463,"Univariate","Conditional",NA
"260",0.629901346987174,-0.00448556249607886,"ENSG00000169432",0.984063307961357,"Univariate","Conditional","SCN9A"
"261",0.431620737277108,-0.00334100580462225,"ENSG00000160211",0.982156727241376,"Univariate","Conditional","G6PD"
"262",0.403920068420331,-0.00448556249607886,"ENSG00000263883",0.978913579136251,"Univariate","Conditional","EEF1DP7"
"263",0.0536135757723474,0.00239526081556745,"ENSG00000162066",0.978472322547969,"Univariate","Conditional","AMDHD2"
"264",0.987373762941448,-0.00220199962309571,"ENSG00000092529",0.97822032657719,"Univariate","Conditional","CAPN3"
"265",0.330074177457954,-0.0132716282380279,"ENSG00000185278",0.975259733698772,"Univariate","Conditional","ZBTB37"
"266",0.700940921567545,0.00329092976054411,"ENSG00000163082",0.97472888914586,"Univariate","Conditional","SGPP2"
"267",0.570021678772868,0.00397053879576784,"ENSG00000223584",0.973667948421237,"Univariate","Conditional","TVP23CP1"
"268",0.715113883403169,-0.00103741725297119,"ENSG00000259926",0.972886742317804,"Univariate","Conditional",NA
"269",0.720858092501806,0.00397053879576784,"ENSG00000258526",0.971965708519882,"Univariate","Conditional",NA
"270",0.691497147717958,0.000903979633536925,"ENSG00000205918",0.968934670794976,"Univariate","Conditional","PDPK2P"
"271",0.820947852479526,-0.00717785551326379,"ENSG00000170323",0.968907572200065,"Univariate","Conditional","FABP4"
"272",0.699415301088632,-0.00241601315792382,"ENSG00000224259",0.968677080268214,"Univariate","Conditional","LINC01133"
"273",0.820947717610704,-0.00381304064370675,"ENSG00000239920",0.968224628529657,"Univariate","Conditional",NA
"274",0.691497552611757,0.00423214974714413,"ENSG00000196411",0.966206938533459,"Univariate","Conditional","EPHB4"
"275",0.822307552055068,0.000762466321768801,"ENSG00000165895",0.965493059817422,"Univariate","Conditional","ARHGAP42"
"276",0.62297095474964,-0.00241601315792382,"ENSG00000240303",0.963659088426018,"Univariate","Conditional","ACAD11"
"277",0.825059790411411,-0.00541738739079243,"ENSG00000274259",0.963615121839128,"Univariate","Conditional",NA
"278",0.58283241938466,-0.0160317676054576,"ENSG00000144228",0.960850218433918,"Univariate","Conditional","SPOPL"
"279",0.579729463851672,0.00254877232031995,"ENSG00000183762",0.959911590891899,"Univariate","Conditional","KREMEN1"
"280",0.0827969550726512,-0.00511984632484928,"ENSG00000145780",0.959105278558761,"Univariate","Conditional","FEM1C"
"281",0.828599824598969,0.000159989374575141,"ENSG00000002726",0.958268999771926,"Univariate","Conditional","AOC1"
"282",0.205423796394541,-0.00264020921925761,"ENSG00000142185",0.958019473571503,"Univariate","Conditional","TRPM2"
"283",0.835110814216433,0.00173337803169457,"ENSG00000259583",0.957571170811023,"Univariate","Conditional","ALDH1A3-AS1"
"284",0.606407064186764,0.00196954504496165,"ENSG00000285851",0.956586105875981,"Univariate","Conditional",NA
"285",0.642486240267598,0.000553624184672956,"ENSG00000119402",0.955587585127857,"Univariate","Conditional","FBXW2"
"286",0.764470496679295,0.00225833010155934,"ENSG00000198682",0.951040740930607,"Univariate","Conditional","PAPSS2"
"287",0.0884481511304028,-0.00357942557243923,"ENSG00000223891",0.950144400223258,"Univariate","Conditional","OSER1-DT"
"288",0.774407461254308,0.00449936803829763,"ENSG00000261770",0.947321738625797,"Univariate","Conditional",NA
"289",0.0836686910138154,-0.0167320314708099,"ENSG00000184730",0.947125679025773,"Univariate","Conditional","APOBR"
"290",0.774407242369871,0.00449936803829763,"ENSG00000279913",0.943673521291318,"Univariate","Conditional",NA
"291",0.74381591497779,-5.97979634816578e-05,"ENSG00000139890",0.943157701256966,"Univariate","Conditional","REM2"
"292",0.116260220385458,-0.00126203310681861,"ENSG00000276289",0.93811138197825,"Univariate","Conditional","LOC102723475"
"293",0.586364277724676,-0.000860347111590252,"ENSG00000257258",0.932356612513679,"Univariate","Conditional",NA
"294",0.354504096479917,0.0115393320826236,"ENSG00000003400",0.931074532781021,"Univariate","Conditional","CASP10"
"295",0.228670575606976,0.00604947607409814,"ENSG00000197782",0.929752920649013,"Univariate","Conditional","ZNF780A"
"296",0.728661356303579,-0.00731396772179608,"ENSG00000266965",0.928172440084708,"Univariate","Conditional",NA
"297",0.728661376454629,-0.00340231311955638,"ENSG00000279434",0.925821345092256,"Univariate","Conditional",NA
"298",0.729519890721171,0.00543600893128187,"ENSG00000272690",0.924992061818585,"Univariate","Conditional","LINC02018"
"299",0.947792314861312,0.00274218134469258,"ENSG00000182183",0.922144288957983,"Univariate","Conditional","SHISAL2A"
"300",0.793288342036554,0.00354914094334345,"ENSG00000143367",0.91791101080606,"Univariate","Conditional","TUFT1"
"301",0.79328806255108,0.000535433862479569,"ENSG00000228363",0.915555893311269,"Univariate","Conditional",NA
"302",0.801596480201571,0.00269046582100534,"ENSG00000275278",0.914770987227061,"Univariate","Conditional",NA
"303",0.78983660968606,-0.00498987159814161,"ENSG00000254709",0.914770987227061,"Univariate","Conditional","IGLL5"
"304",0.789836798542259,0.00173337803169457,"ENSG00000267293",0.912888439453107,"Univariate","Conditional","LOC100422497"
"305",0.933965479960135,-0.0136002029132472,"ENSG00000102882",0.912010762159571,"Univariate","Conditional","MAPK3"
"306",0.520718474024109,0.00417828370136415,"ENSG00000181274",0.911996714813212,"Univariate","Conditional","FRAT2"
"307",0.187698893690843,-0.00354042987583305,"ENSG00000101146",0.911359947156895,"Univariate","Conditional","RAE1"
"308",0.699302019218081,0.00173337803169457,"ENSG00000253438",0.910279757868587,"Univariate","Conditional","PCAT1"
"309",0.863635479300804,-0.00423126589057661,"ENSG00000188783",0.910073814935582,"Univariate","Conditional","PRELP"
"310",0.368177498044898,-0.0122545885659023,"ENSG00000065357",0.90685993394245,"Univariate","Conditional","DGKA"
"311",0.70076363690621,-0.00362954777136903,"ENSG00000261596",0.905681693767886,"Univariate","Conditional",NA
"312",0.860962920008581,-0.00142942876605315,"ENSG00000188580",0.904898315190425,"Univariate","Conditional","NKAIN2"
"313",0.712348337160583,0.00449936803829763,"ENSG00000258944",0.904625967996358,"Univariate","Conditional",NA
"314",0.477608526228106,0.00139269855477494,"ENSG00000277053",0.902739440968098,"Univariate","Conditional","GTF2IP1"
"315",0.395356161612666,-0.00183133484314287,"ENSG00000131203",0.902525569334467,"Univariate","Conditional","IDO1"
"316",0.314899622418353,-0.00645159214555247,"ENSG00000111052",0.901931306700115,"Univariate","Conditional","LIN7A"
"317",0.957942419377044,-0.00215060522998842,"ENSG00000285938",0.900880421544505,"Univariate","Conditional","LOC122526776"
"318",0.631470261668598,-0.00183064722710908,"ENSG00000143994",0.899770803036615,"Univariate","Conditional","ABHD1"
"319",0.350947969711215,-0.00519915699529046,"ENSG00000267430",0.896454519021519,"Univariate","Conditional","LOC100422317"
"320",0.641819153882854,-0.00530638453053955,"ENSG00000256448",0.894495052148958,"Univariate","Conditional",NA
"321",0.815582217849278,0.000762466321768801,"ENSG00000254275",0.892741347196827,"Univariate","Conditional",NA
"322",0.732567773518917,-0.00614647015147439,"ENSG00000104450",0.892475430341939,"Univariate","Conditional","SPAG1"
"323",0.848156459435106,-0.00124282900728103,"ENSG00000284930",0.888763483576013,"Univariate","Conditional","LOC101928143"
"324",0.334066941881778,-0.0107130322169657,"ENSG00000146859",0.886693958874512,"Univariate","Conditional","TMEM140"
"325",0.979382274855118,-0.00127944881690884,"ENSG00000225342",0.886579627826154,"Univariate","Conditional",NA
"326",0.562796564616596,-0.00415749063521145,"ENSG00000006327",0.885633099314302,"Univariate","Conditional","TNFRSF12A"
"327",0.318782500891852,0.000950880767100473,"ENSG00000237827",0.8798688224658,"Univariate","Conditional","RPS15AP29"
"328",0.759019537833492,-0.00183064722710908,"ENSG00000261644",0.876987112256501,"Univariate","Conditional",NA
"329",0.260256776340163,-0.00965838732238648,"ENSG00000133317",0.874733803352369,"Univariate","Conditional","LGALS12"
"330",0.490545674995873,0.000660177943539516,"ENSG00000157379",0.873414363426864,"Univariate","Conditional","DHRS1"
"331",0.836626888294688,-0.0026262522707052,"ENSG00000259935",0.872200123992894,"Univariate","Conditional",NA
"332",0.792775375525484,-0.000526705703255454,"ENSG00000207508",0.868469935527578,"Univariate","Conditional","RNU6-1237P"
"333",0.736458845397483,0.0063309472513873,"ENSG00000247853",0.863597969362492,"Univariate","Conditional",NA
"334",0.721433223259724,0.00664987005252092,"ENSG00000273253",0.863597969362492,"Univariate","Conditional",NA
"335",0.258620201279181,0.00951938971994345,"ENSG00000248019",0.860735893761096,"Univariate","Conditional","FAM13A-AS1"
"336",0.299412639719303,0.00354350853578124,"ENSG00000157388",0.85323433346584,"Univariate","Conditional","CACNA1D"
"337",0.718486517532512,0.000313421104822653,"ENSG00000261573",0.85131514255043,"Univariate","Conditional",NA
"338",0.894619942612362,-0.0108069255072873,"ENSG00000154265",0.850405731483543,"Univariate","Conditional","ABCA5"
"339",0.0291016221768398,-0.00601592337093621,"ENSG00000183049",0.849484268658941,"Univariate","Conditional","CAMK1D"
"340",0.931140384779107,-0.000827229310693937,"ENSG00000280334",0.849174635981211,"Univariate","Conditional",NA
"341",0.632718750461241,-0.0107273242076186,"ENSG00000244480",0.842344723717903,"Univariate","Conditional",NA
"342",0.829177691751212,-0.000222491525541041,"ENSG00000265778",0.841843072409617,"Univariate","Conditional","ZNF516-AS1"
"343",0.79802936953055,-0.0016323664214771,"ENSG00000136367",0.841055900545268,"Univariate","Conditional","ZFHX2"
"344",0.802852665584561,0.00389389394463258,"ENSG00000272650",0.841054622060769,"Univariate","Conditional",NA
"345",0.802852665584561,0.000535433862479569,"ENSG00000258745",0.841054622060769,"Univariate","Conditional",NA
"346",0.802852665584561,-0.00281480477516389,"ENSG00000137860",0.841054622060769,"Univariate","Conditional","SLC28A2"
"347",0.798029573326091,-0.000439968559745888,"ENSG00000114656",0.839479646301923,"Univariate","Conditional","CFAP92"
"348",0.798029066596523,-0.00498987159814161,"ENSG00000206579",0.838534206514141,"Univariate","Conditional","XKR4"
"349",0.807180869774817,0.00477232834208669,"ENSG00000219163",0.837746450143713,"Univariate","Conditional",NA
"350",0.335910347555302,0.00533743616678546,"ENSG00000138134",0.833457656396317,"Univariate","Conditional","STAMBPL1"
"351",0.85238921184736,0.000762466321768801,"ENSG00000159189",0.826858157350294,"Univariate","Conditional","C1QC"
"352",0.208741908251936,0.0151636854751889,"ENSG00000165626",0.82421790296811,"Univariate","Conditional","BEND7"
"353",0.806593797927028,-0.0016323664214771,"ENSG00000224672",0.822439118276205,"Univariate","Conditional",NA
"354",0.509449878341357,-0.00869582952005741,"ENSG00000279996",0.821437539120477,"Univariate","Conditional",NA
"355",0.824992343202225,0.00258510979743235,"ENSG00000163081",0.820681722932795,"Univariate","Conditional","CCDC140"
"356",0.770660608083775,-0.00307181582170943,"ENSG00000204634",0.818657909025372,"Univariate","Conditional","TBC1D8"
"357",0.814825296798708,0.000323047871750834,"ENSG00000280402",0.816222825844503,"Univariate","Conditional",NA
"358",0.383858182855929,-0.00106347291367161,"ENSG00000233369",0.815986058383553,"Univariate","Conditional","GTF2IP4"
"359",0.00319853201920776,0.0023361097018699,"ENSG00000158578",0.813331182826621,"Univariate","Conditional","ALAS2"
"360",0.76503459477238,0.00878772024032754,"ENSG00000279801",0.813187817308384,"Univariate","Conditional",NA
"361",6.73647117583772e-48,0.00222204311100989,"ENSG00000156738",0.812781109841824,"Univariate","Conditional","MS4A1"
"362",0.759065708686884,0.00449936803829763,"ENSG00000239557",0.812327329109541,"Univariate","Conditional","PPP2R5CP"
"363",0.769110350782519,0.00354914094334345,"ENSG00000092068",0.810465842442426,"Univariate","Conditional","SLC7A8"
"364",0.949899087671775,0.00160705176368473,"ENSG00000134545",0.810380110003261,"Univariate","Conditional","KLRC1"
"365",0.444583113829851,-0.00658460393394617,"ENSG00000248559",0.808715096540528,"Univariate","Conditional",NA
"366",0.472488967030075,0.00608277153327929,"ENSG00000139318",0.80743486378976,"Univariate","Conditional","DUSP6"
"367",0.60972415544461,-0.00259647099394052,"ENSG00000102921",0.806351244026472,"Univariate","Conditional","N4BP1"
"368",0.399919648477043,0.00166741903333332,"ENSG00000197535",0.803530801726133,"Univariate","Conditional","MYO5A"
"369",0.626205576432284,-0.00357942557243923,"ENSG00000245281",0.798377627386724,"Univariate","Conditional","ASAH1-AS1"
"370",0.947973929006718,-0.00631729590892774,"ENSG00000101109",0.794871706386692,"Univariate","Conditional","STK4"
"371",0.121262516740682,0.00397053879576784,"ENSG00000115085",0.790076516150867,"Univariate","Conditional","ZAP70"
"372",0.452343848774825,-0.00554077555512947,"ENSG00000025039",0.788583833219657,"Univariate","Conditional","RRAGD"
"373",0.724782574531982,0.00449936803829763,"ENSG00000261242",0.787846392699993,"Univariate","Conditional",NA
"374",0.721432525586143,0.00664987005252092,"ENSG00000163737",0.786921507955592,"Univariate","Conditional","PF4"
"375",0.256085634809639,0.00568727880811955,"ENSG00000128655",0.786916147911698,"Univariate","Conditional","PDE11A"
"376",1.81808722563165e-06,-0.00142942876605315,"ENSG00000205716",0.784919081167274,"Univariate","Conditional",NA
"377",0.606691451011201,-0.00048478416812582,"ENSG00000274799",0.775473646738353,"Univariate","Conditional",NA
"378",0.608591716986735,0.0120577396395374,"ENSG00000155093",0.771965819791681,"Univariate","Conditional","PTPRN2"
"379",0.503193109665006,-0.0022136656156096,"ENSG00000229325",0.770849045029966,"Univariate","Conditional",NA
"380",0.115855609014582,-0.00760856501382785,"ENSG00000272211",0.768242150304335,"Univariate","Conditional",NA
"381",0.80535097497963,0.0029413607386188,"ENSG00000242808",0.767445168136608,"Univariate","Conditional","SOX2-OT"
"382",0.809105499053449,0.00113315598217061,"ENSG00000163554",0.76462193216364,"Univariate","Conditional","SPTA1"
"383",0.739935553838067,-0.00782324156354436,"ENSG00000263916",0.760119480193517,"Univariate","Conditional",NA
"384",0.560663221417734,-0.00326223936117491,"ENSG00000155926",0.755452327092691,"Univariate","Conditional","SLA"
"385",0.802852665584561,0.000535433862479569,"ENSG00000201942",0.752741564415384,"Univariate","Conditional","RNA5SP363"
"386",0.751310625772234,-0.00281480477516389,"ENSG00000273312",0.752733674946102,"Univariate","Conditional",NA
"387",0.798029066596523,-0.0016323664214771,"ENSG00000177238",0.752129982072641,"Univariate","Conditional","TRIM72"
"388",0.707586457894156,0.000903979633536925,"ENSG00000260086",0.750472194984221,"Univariate","Conditional",NA
"389",0.707586887065191,-0.00340231311955638,"ENSG00000272366",0.749712360605509,"Univariate","Conditional",NA
"390",0.313994318400386,0.00565987662962156,"ENSG00000177173",0.74897495581127,"Univariate","Conditional",NA
"391",0.150607523525663,-0.00396022846871446,"ENSG00000210174",0.748740278230547,"Univariate","Conditional",NA
"392",0.642279907685227,-0.0189404022382641,"ENSG00000106330",0.747681179935497,"Univariate","Conditional","MOSPD3"
"393",0.0263049713636774,0.00483283389628216,"ENSG00000250608",0.747434113654555,"Univariate","Conditional","NUDT16-DT"
"394",0.571036893962173,-0.0173562064158409,"ENSG00000108932",0.742579792217655,"Univariate","Conditional","SLC16A6"
"395",0.647451604505495,-0.00299893616783178,"ENSG00000266900",0.741884825154197,"Univariate","Conditional",NA
"396",0.578572835779152,-0.00163976372507466,"ENSG00000272627",0.740324156458629,"Univariate","Conditional",NA
"397",0.550131687202897,0.00503953951852996,"ENSG00000222112",0.739607839482944,"Univariate","Conditional","RN7SKP16"
"398",0.626285311763263,0.00748224424969374,"ENSG00000166946",0.738482630783319,"Univariate","Conditional","CCNDBP1"
"399",0.616542394663513,0.00297009542519698,"ENSG00000238005",0.738409022372518,"Univariate","Conditional","LNCATV"
"400",0.503106020550016,-0.000323644650196897,"ENSG00000254884",0.734467384168018,"Univariate","Conditional",NA
"401",0.272563780634437,0.00218520232515395,"ENSG00000227383",0.731508768358678,"Univariate","Conditional",NA
"402",0.158319232528662,0.00251162268490572,"ENSG00000237892",0.730321495293649,"Univariate","Conditional",NA
"403",0.780640701069842,-0.00265060349193567,"ENSG00000198146",0.729070231043188,"Univariate","Conditional","ZNF770"
"404",0.611398904751231,-0.00530638453053955,"ENSG00000285091",0.727977305023145,"Univariate","Conditional",NA
"405",0.881625041591178,0.01260628127001,"ENSG00000122547",0.727533178030851,"Univariate","Conditional","EEPD1"
"406",0.695021936371459,-0.00326358896880677,"ENSG00000139631",0.727182923860486,"Univariate","Conditional","CSAD"
"407",0.728661876748913,-0.00398736025840455,"ENSG00000171119",0.726758291374831,"Univariate","Conditional","NRTN"
"408",0.0256038422364178,0.00107802467915895,"ENSG00000248863",0.726455375698665,"Univariate","Conditional",NA
"409",0.312987466693009,0.00591676328269263,"ENSG00000261971",0.725685820621817,"Univariate","Conditional",NA
"410",0.728661036028039,0.00269046582100534,"ENSG00000280248",0.724929021189426,"Univariate","Conditional",NA
"411",0.932976636228162,0.000994638958711443,"ENSG00000140287",0.724827755770219,"Univariate","Conditional","HDC"
"412",0.932976656673816,-0.00243317361273551,"ENSG00000143185",0.722780426909486,"Univariate","Conditional","XCL2"
"413",0.880613491624524,-0.00248533999892476,"ENSG00000243335",0.720901561047667,"Univariate","Conditional","KCTD7"
"414",0.870918548569094,-0.0406270206713412,"ENSG00000105205",0.715869596252995,"Univariate","Conditional","CLC"
"415",0.902752272470014,0.000994638958711443,"ENSG00000111537",0.715114309907256,"Univariate","Conditional","IFNG"
"416",0.539151493062087,0.00596140894011145,"ENSG00000281005",0.709804096884043,"Univariate","Conditional","LINC00921"
"417",0.697087238286958,0.00907999040894388,"ENSG00000273133",0.709403870727538,"Univariate","Conditional",NA
"418",0.691497147717958,0.000903979633536925,"ENSG00000252620",0.706492746626183,"Univariate","Conditional","RNU6ATAC24P"
"419",0.697086906715992,0.000535433862479569,"ENSG00000254995",0.706492746626183,"Univariate","Conditional","STX16-NPEPL1"
"420",0.036330444909757,0.0134055451481945,"ENSG00000107779",0.706304126749519,"Univariate","Conditional","BMPR1A"
"421",0.86271172714591,0.0023361097018699,"ENSG00000256812",0.706207620507404,"Univariate","Conditional","CAPNS2"
"422",0.0747431073679923,-0.00858025631206511,"ENSG00000225205",0.703153636278043,"Univariate","Conditional",NA
"423",1.61953254078444e-187,0.00283962319904592,"ENSG00000107317",0.702694213974597,"Univariate","Conditional","PTGDS"
"424",0.654475273478061,0.000313421104822653,"ENSG00000278920",0.70224188804692,"Univariate","Conditional",NA
"425",0.70474065927677,-0.00498987159814161,"ENSG00000230789",0.701654166758368,"Univariate","Conditional","ARHGAP26-IT1"
"426",0.278853545810294,0.00883747747289335,"ENSG00000173559",0.700087093484017,"Univariate","Conditional","NABP1"
"427",0.857452986450428,-0.00381304064370675,"ENSG00000251393",0.699569761391057,"Univariate","Conditional",NA
"428",0.136093658832042,0.00423214974714413,"ENSG00000225450",0.699393016260579,"Univariate","Conditional",NA
"429",0.225186923925486,0.00386296067945831,"ENSG00000279227",0.698026359144375,"Univariate","Conditional",NA
"430",0.703247817922398,0.00389389394463258,"ENSG00000236334",0.696632959702755,"Univariate","Conditional","PPIAL4G"
"431",0.661154058658975,-0.000725292530564022,"ENSG00000273797",0.691253550338639,"Univariate","Conditional",NA
"432",0.812977361367537,-0.00381304064370675,"ENSG00000228097",0.690623326153741,"Univariate","Conditional","MTATP6P11"
"433",0.582532573067176,0.00697631223742065,"ENSG00000279917",0.690420343310234,"Univariate","Conditional",NA
"434",0.874370441432003,-0.00296337350151681,"ENSG00000111729",0.690179013658928,"Univariate","Conditional","CLEC4A"
"435",0.78983660968606,-0.0016323664214771,"ENSG00000131471",0.689885379518962,"Univariate","Conditional","AOC3"
"436",0.660962557198904,-0.00914357132902227,"ENSG00000252908",0.689282228899971,"Univariate","Conditional","RNU6-1003P"
"437",0.78983660968606,-0.00103741725297119,"ENSG00000275569",0.688720782920292,"Univariate","Conditional",NA
"438",0.796804188229357,-0.0026262522707052,"ENSG00000196754",0.685811759297238,"Univariate","Conditional","S100A2"
"439",0.0467356606238894,0.00510736176137339,"ENSG00000278829",0.685209893454845,"Univariate","Conditional",NA
"440",0.54560879473982,-0.00201887716334609,"ENSG00000161921",0.682736552835826,"Univariate","Conditional","CXCL16"
"441",0.293630861122184,-0.00308578797423095,"ENSG00000075399",0.681916501943077,"Univariate","Conditional","VPS9D1"
"442",0.836626777175686,0.000159989374575141,"ENSG00000157064",0.677044062265568,"Univariate","Conditional","NMNAT2"
"443",0.417268179007938,-0.0021536558874384,"ENSG00000144815",0.674446604309112,"Univariate","Conditional","NXPE3"
"444",0.618707363952545,0.00575839341048741,"ENSG00000236709",0.67310330652271,"Univariate","Conditional","DAPK1-IT1"
"445",0.997252085881813,-0.004414364898772,"ENSG00000162777",0.666206520413436,"Univariate","Conditional","DENND2D"
"446",0.446254457879858,0.000818223980900335,"ENSG00000236021",0.659289279698819,"Univariate","Conditional",NA
"447",0.378384405632846,-0.00600952704650136,"ENSG00000158828",0.658928995747582,"Univariate","Conditional","PINK1"
"448",0.59403329627004,0.00638485153981813,"ENSG00000205682",0.656699196834113,"Univariate","Conditional",NA
"449",0.0886075112841773,0.00303821603536993,"ENSG00000274512",0.655675521342527,"Univariate","Conditional","TBC1D3"
"450",0.846740599784602,0.00512351398165802,"ENSG00000123360",0.652162144012762,"Univariate","Conditional","PDE1B"
"451",0.351631711740275,-0.00757548210674572,"ENSG00000136197",0.65192534373583,"Univariate","Conditional","C7orf25"
"452",0.376712148460359,-0.00313741921914486,"ENSG00000129467",0.651196494961001,"Univariate","Conditional","ADCY4"
"453",0.699415630639437,0.00756849718289779,"ENSG00000260093",0.650148807352146,"Univariate","Conditional",NA
"454",0.703247426212886,0.00389389394463258,"ENSG00000263766",0.650148807352146,"Univariate","Conditional","KPNB1-DT"
"455",0.611054741405346,-0.00572782862723812,"ENSG00000239887",0.649233151837146,"Univariate","Conditional","C1orf226"
"456",0.549281672280827,0.0114514644477461,"ENSG00000279145",0.644442846380511,"Univariate","Conditional",NA
"457",0.830516805988412,0.0028091830475083,"ENSG00000273033",0.643748184132802,"Univariate","Conditional","LINC02035"
"458",0.41344684916315,0.000693162373307064,"ENSG00000121716",0.641846535044973,"Univariate","Conditional","PILRB"
"459",0.285393652453574,0.00297762650257519,"ENSG00000099999",0.640873909228935,"Univariate","Conditional","RNF215"
"460",0.664663125867406,-0.00124282900728103,"ENSG00000143452",0.637886562073829,"Univariate","Conditional","HORMAD1"
"461",0.782523340425774,-0.00440269597564886,"ENSG00000267365",0.636688637572917,"Univariate","Conditional","KCNJ2-AS1"
"462",0.663002719293657,0.00907999040894388,"ENSG00000185385",0.634888033035597,"Univariate","Conditional","OR7A17"
"463",0.782522624531863,0.00113315598217061,"ENSG00000277558",0.631149837931359,"Univariate","Conditional",NA
"464",0.781974185424163,-0.0016323664214771,"ENSG00000161040",0.630598049276035,"Univariate","Conditional","FBXL13"
"465",0.786966420537564,-5.97979634816578e-05,"ENSG00000267312",0.630046416041681,"Univariate","Conditional",NA
"466",0.468831160777862,-0.00678763078036294,"ENSG00000116396",0.629086560244852,"Univariate","Conditional","KCNC4"
"467",0.782522982198628,-0.00557457708810694,"ENSG00000278961",0.628943616065782,"Univariate","Conditional","LOC107983987"
"468",0.369008086657072,-0.00132760485758531,"ENSG00000138639",0.628589116677435,"Univariate","Conditional","ARHGAP24"
"469",0.793371143603814,0.00449684097860274,"ENSG00000167261",0.62825403600683,"Univariate","Conditional","DPEP2"
"470",0.750421963586969,-0.00449535508486986,"ENSG00000168813",0.627830260557815,"Univariate","Conditional","ZNF507"
"471",0.162103290323013,-0.00309917283295914,"ENSG00000112419",0.627041405570184,"Univariate","Conditional","PHACTR2"
"472",0.559132656819042,0.0248409959562689,"ENSG00000139190",0.620935457907765,"Univariate","Conditional","VAMP1"
"473",0.89740070780856,0.00529777850561655,"ENSG00000248858",0.620212848027523,"Univariate","Conditional","FLJ46284"
"474",0.11003329941508,0.00207983366490688,"ENSG00000090661",0.618318489592167,"Univariate","Conditional","CERS4"
"475",0.147824477689822,-0.00680729063692907,"ENSG00000241772",0.615534713353061,"Univariate","Conditional",NA
"476",0.820947866024616,0.00354914094334345,"ENSG00000227730",0.6152104667618,"Univariate","Conditional","MTND6P5"
"477",0.173471541694415,0.00810908584876401,"ENSG00000243650",0.612281812071248,"Univariate","Conditional","RN7SL834P"
"478",0.583249686446992,0.00986056961153672,"ENSG00000119514",0.612259108148266,"Univariate","Conditional","GALNT12"
"479",0.900261557733642,-0.000222491525541041,"ENSG00000183091",0.612008958630386,"Univariate","Conditional","NEB"
"480",0.825059577068671,0.00173337803169457,"ENSG00000266680",0.611600718370791,"Univariate","Conditional",NA
"481",0.325784451264329,0.00830324413872069,"ENSG00000005844",0.610588870994132,"Univariate","Conditional","ITGAL"
"482",0.68814381679827,-0.0107273242076186,"ENSG00000281772",0.608373640309977,"Univariate","Conditional",NA
"483",0.82230717689786,0.00756472928395105,"ENSG00000250254",0.608300041864721,"Univariate","Conditional","PTTG2"
"484",0.784177417979909,0.0063309472513873,"ENSG00000145649",0.607585080394432,"Univariate","Conditional","GZMA"
"485",0.786966261239921,-0.0032208959708547,"ENSG00000272941",0.607038467196578,"Univariate","Conditional",NA
"486",0.79093979547697,-0.0026262522707052,"ENSG00000253636",0.607038467196578,"Univariate","Conditional",NA
"487",0.784177175589778,0.0029413607386188,"ENSG00000099866",0.607038467196578,"Univariate","Conditional","MADCAM1"
"488",0.78696654797542,-5.97979634816578e-05,"ENSG00000023839",0.603785890991288,"Univariate","Conditional","ABCC2"
"489",0.806508958794204,0.0106128945486349,"ENSG00000205791",0.60043466017625,"Univariate","Conditional","LOH12CR2"
"490",0.743816161690155,-0.00340231311955638,"ENSG00000049249",0.599275750464124,"Univariate","Conditional","TNFRSF9"
"491",0.685970078726834,0.00303821603536993,"ENSG00000167608",0.597828695425291,"Univariate","Conditional","TMC4"
"492",0.444030072011306,-0.008136831847927,"ENSG00000264916",0.596414555770302,"Univariate","Conditional","RN7SL230P"
"493",0.733863112500502,-0.00241601315792382,"ENSG00000185189",0.593886879179901,"Univariate","Conditional","NRBP2"
"494",0.94988926834708,0.00319776163541409,"ENSG00000228599",0.591302492218448,"Univariate","Conditional","RPL7P52"
"495",0.709559951054468,-0.00281480477516389,"ENSG00000225195",0.588085036971918,"Univariate","Conditional",NA
"496",0.643521368552544,0.0111135291778162,"ENSG00000273018",0.587466000632718,"Univariate","Conditional","FAM106A"
"497",0.788167500691099,0.0097265026312655,"ENSG00000204390",0.587220712227006,"Univariate","Conditional","HSPA1L"
"498",0.16210887538071,0.0103971179763093,"ENSG00000158163",0.586964522576095,"Univariate","Conditional","DZIP1L"
"499",0.723299160151335,-0.00749415804415725,"ENSG00000138613",0.58611519989552,"Univariate","Conditional","APH1B"
"500",0.736987696663864,-0.000678341092312807,"ENSG00000185619",0.586100886762888,"Univariate","Conditional","PCGF3"
"501",1.34239049748937e-231,0.790583216152256,"ENSG00000116649",0,"Multivariate","Conditional","SRM"
"502",2.22419952437541e-245,0.790583216152256,"ENSG00000179051",0,"Multivariate","Conditional","RCC2"
"503",5.9920887634032e-209,0.790583216152256,"ENSG00000004487",0,"Multivariate","Conditional","KDM1A"
"504",1.01857550583874e-281,0.790583216152256,"ENSG00000117632",0,"Multivariate","Conditional","STMN1"
"505",7.69968705492962e-266,0.790583216152256,"ENSG00000132780",0,"Multivariate","Conditional","NASP"
"506",4.46051874347806e-225,0.790583216152256,"ENSG00000116221",0,"Multivariate","Conditional","MRPL37"
"507",2.11373896315627e-282,0.790583216152256,"ENSG00000163399",0,"Multivariate","Conditional","ATP1A1"
"508",2.77227247772851e-211,0.790583216152256,"ENSG00000066294",0,"Multivariate","Conditional","CD84"
"509",4.70608916778145e-222,0.790583216152256,"ENSG00000143198",0,"Multivariate","Conditional","MGST3"
"510",1.15731792744146e-251,0.790583216152256,"ENSG00000069275",0,"Multivariate","Conditional","NUCKS1"
"511",3.20159164402342e-248,0.790583216152256,"ENSG00000117691",0,"Multivariate","Conditional","NENF"
"512",6.01069448485569e-237,0.790583216152256,"ENSG00000143799",0,"Multivariate","Conditional","PARP1"
"513",1.10050051001948e-238,0.790583216152256,"ENSG00000134308",0,"Multivariate","Conditional","YWHAQ"
"514",6.37287999881769e-291,0.790583216152256,"ENSG00000143870",0,"Multivariate","Conditional","PDIA6"
"515",1.16678189424537e-227,0.790583216152256,"ENSG00000138095",0,"Multivariate","Conditional","LRPPRC"
"516",4.18135375099105e-249,0.790583216152256,"ENSG00000115355",0,"Multivariate","Conditional","CCDC88A"
"517",3.60334517505065e-261,0.790583216152256,"ENSG00000118640",0,"Multivariate","Conditional","VAMP8"
"518",2.53821098880492e-214,0.790583216152256,"ENSG00000158417",0,"Multivariate","Conditional","EIF5B"
"519",8.26687544925822e-195,0.790583216152256,"ENSG00000175701",0,"Multivariate","Conditional","MTLN"
"520",5.63538517891493e-250,0.790583216152256,"ENSG00000152082",0,"Multivariate","Conditional","MZT2B"
"521",1.12206185941851e-223,0.790583216152256,"ENSG00000091436",0,"Multivariate","Conditional","MAP3K20"
"522",8.50570499498264e-273,0.790583216152256,"ENSG00000115541",0,"Multivariate","Conditional","HSPE1"
"523",1.34733223872529e-240,0.790583216152256,"ENSG00000055044",0,"Multivariate","Conditional","NOP58"
"524",2.50615497735873e-274,0.790583216152256,"ENSG00000114942",0,"Multivariate","Conditional","EEF1B2"
"525",4.34803341159986e-218,0.790583216152256,"ENSG00000132182",0,"Multivariate","Conditional","NUP210"
"526",5.2160632856471e-265,0.790583216152256,"ENSG00000178035",0,"Multivariate","Conditional","IMPDH2"
"527",3.06518874139232e-252,0.790583216152256,"ENSG00000233276",0,"Multivariate","Conditional","GPX1"
"528",2.63518591556051e-247,0.790583216152256,"ENSG00000163938",0,"Multivariate","Conditional","GNL3"
"529",1.26428396514588e-186,0.790583216152256,"ENSG00000073792",0,"Multivariate","Conditional","IGF2BP2"
"530",4.00509979924854e-202,0.790583216152256,"ENSG00000004468",0,"Multivariate","Conditional","CD38"
"531",5.19657654478549e-306,0.790583216152256,"ENSG00000163453",0,"Multivariate","Conditional","IGFBP7"
"532",2.50870699288444e-245,0.790583216152256,"ENSG00000124882",0,"Multivariate","Conditional","EREG"
"533",4.89441216568755e-223,0.790583216152256,"ENSG00000198498",0,"Multivariate","Conditional","TMA16"
"534",2.97260026292876e-208,0.790583216152256,"ENSG00000134986",0,"Multivariate","Conditional","NREP"
"535",4.15759217331515e-261,0.790583216152256,"ENSG00000213585",0,"Multivariate","Conditional","VDAC1"
"536",2.82061134684767e-253,0.790583216152256,"ENSG00000184584",0,"Multivariate","Conditional","STING1"
"537",1.95453552216979e-279,0.790583216152256,"ENSG00000145912",0,"Multivariate","Conditional","NHP2"
"538",1.22482324549876e-228,0.790583216152256,"ENSG00000124766",0,"Multivariate","Conditional","SOX4"
"539",8.6483443747757e-210,0.790583216152256,"ENSG00000204287",0,"Multivariate","Conditional","HLA-DRA"
"540",2.06973328580776e-248,0.790583216152256,"ENSG00000137288",0,"Multivariate","Conditional","UQCC2"
"541",3.71864656796054e-265,0.790583216152256,"ENSG00000137309",0,"Multivariate","Conditional","HMGA1"
"542",1.16087874155225e-244,0.790583216152256,"ENSG00000124767",0,"Multivariate","Conditional","GLO1"
"543",5.53612867525941e-266,0.790583216152256,"ENSG00000096384",0,"Multivariate","Conditional","HSP90AB1"
"544",1.19616539820961e-250,0.790583216152256,"ENSG00000118418",0,"Multivariate","Conditional","HMGN3"
"545",9.22228469136385e-267,0.790583216152256,"ENSG00000106268",0,"Multivariate","Conditional","NUDT1"
"546",1.45824795348383e-218,0.790583216152256,"ENSG00000106263",0,"Multivariate","Conditional","EIF3B"
"547",1.89057373674857e-185,0.790583216152256,"ENSG00000122644",0,"Multivariate","Conditional","ARL4A"
"548",7.0393226879902e-223,0.790583216152256,"ENSG00000006625",0,"Multivariate","Conditional","GGCT"
"549",5.51592301619359e-275,0.790583216152256,"ENSG00000106355",0,"Multivariate","Conditional","LSM5"
"550",2.92513157115039e-254,0.790583216152256,"ENSG00000106211",0,"Multivariate","Conditional","HSPB1"
"551",1.12513349134673e-201,0.790583216152256,"ENSG00000166508",0,"Multivariate","Conditional","MCM7"
"552",7.89697321055132e-233,0.790583216152256,"ENSG00000105967",0,"Multivariate","Conditional","TFEC"
"553",1.98293996143438e-232,0.790583216152256,"ENSG00000197157",0,"Multivariate","Conditional","SND1"
"554",4.8221550650461e-240,0.790583216152256,"ENSG00000283041",0,"Multivariate","Conditional","LOC729998"
"555",4.24676267839986e-236,0.790583216152256,"ENSG00000155660",0,"Multivariate","Conditional","PDIA4"
"556",1.93394936105162e-209,0.790583216152256,"ENSG00000120885",0,"Multivariate","Conditional","CLU"
"557",1.24715226805848e-274,0.790583216152256,"ENSG00000187840",0,"Multivariate","Conditional","EIF4EBP1"
"558",1.12100579292057e-218,0.790583216152256,"ENSG00000104738",0,"Multivariate","Conditional","MCM4"
"559",1.75085818795392e-236,0.790583216152256,"ENSG00000164687",0,"Multivariate","Conditional","FABP5"
"560",2.69850194084223e-221,0.790583216152256,"ENSG00000175768",0,"Multivariate","Conditional","TOMM5"
"561",3.24555540578014e-233,0.790583216152256,"ENSG00000054148",0,"Multivariate","Conditional","PHPT1"
"562",1.11336529842296e-224,0.790583216152256,"ENSG00000165512",0,"Multivariate","Conditional","ZNF22"
"563",0,0.790583216152256,"ENSG00000180817",0,"Multivariate","Conditional","PPA1"
"564",1.43209972241908e-235,0.790583216152256,"ENSG00000127884",0,"Multivariate","Conditional","ECHS1"
"565",1.19014053358252e-242,0.790583216152256,"ENSG00000214026",0,"Multivariate","Conditional","MRPL23"
"566",5.80221428931952e-247,0.790583216152256,"ENSG00000110651",0,"Multivariate","Conditional","CD81"
"567",8.84931440306063e-190,0.790583216152256,"ENSG00000244398",0,"Multivariate","Conditional","RPL36AP37"
"568",5.3083733652964e-176,0.790583216152256,"ENSG00000244313",0,"Multivariate","Conditional",NA
"569",1.20847981057192e-263,0.790583216152256,"ENSG00000149136",0,"Multivariate","Conditional","SSRP1"
"570",4.5138460493439e-242,0.790583216152256,"ENSG00000134809",0,"Multivariate","Conditional","TIMM10"
"571",6.14346446737745e-243,0.790583216152256,"ENSG00000211450",0,"Multivariate","Conditional","SELENOH"
"572",2.62343553020467e-214,0.790583216152256,"ENSG00000124942",0,"Multivariate","Conditional","AHNAK"
"573",6.24699077510973e-195,0.790583216152256,"ENSG00000162302",0,"Multivariate","Conditional","RPS6KA4"
"574",5.95421647888743e-277,0.790583216152256,"ENSG00000175334",0,"Multivariate","Conditional","BANF1"
"575",4.90191251340399e-215,0.790583216152256,"ENSG00000174547",0,"Multivariate","Conditional","MRPL11"
"576",3.1151579552214e-291,0.790583216152256,"ENSG00000084207",0,"Multivariate","Conditional","GSTP1"
"577",4.51661559843833e-222,0.790583216152256,"ENSG00000167792",0,"Multivariate","Conditional","NDUFV1"
"578",7.10733114485249e-233,0.790583216152256,"ENSG00000110717",0,"Multivariate","Conditional","NDUFS8"
"579",4.53232513225742e-252,0.790583216152256,"ENSG00000074201",0,"Multivariate","Conditional","CLNS1A"
"580",2.99578889893112e-274,0.790583216152256,"ENSG00000060138",0,"Multivariate","Conditional","YBX3"
"581",1.89516675101531e-281,0.790583216152256,"ENSG00000008394",0,"Multivariate","Conditional","MGST1"
"582",1.0403527014871e-300,0.790583216152256,"ENSG00000111716",0,"Multivariate","Conditional","LDHB"
"583",7.30956760211521e-272,0.790583216152256,"ENSG00000170515",0,"Multivariate","Conditional","PA2G4"
"584",3.45408991602093e-259,0.790583216152256,"ENSG00000166226",0,"Multivariate","Conditional","CCT2"
"585",5.08677297216384e-278,0.790583216152256,"ENSG00000139343",0,"Multivariate","Conditional","SNRPF"
"586",3.50836843664492e-210,0.790583216152256,"ENSG00000120802",0,"Multivariate","Conditional","TMPO"
"587",3.96183154210401e-279,0.790583216152256,"ENSG00000089220",0,"Multivariate","Conditional","PEBP1"
"588",1.12605325699379e-245,0.790583216152256,"ENSG00000110917",0,"Multivariate","Conditional","MLEC"
"589",2.44642007748509e-267,0.790583216152256,"ENSG00000132341",0,"Multivariate","Conditional","RAN"
"590",1.21473269035416e-273,0.790583216152256,"ENSG00000173141",0,"Multivariate","Conditional","MRPL57"
"591",4.95208163953904e-269,0.790583216152256,"ENSG00000122025",0,"Multivariate","Conditional","FLT3"
"592",7.48556618602075e-205,0.790583216152256,"ENSG00000120694",0,"Multivariate","Conditional","HSPH1"
"593",2.64936532546616e-239,0.790583216152256,"ENSG00000120675",0,"Multivariate","Conditional","DNAJC15"
"594",8.79265013423842e-259,0.790583216152256,"ENSG00000136104",0,"Multivariate","Conditional","RNASEH2B"
"595",6.28492139751663e-231,0.790583216152256,"ENSG00000065150",0,"Multivariate","Conditional","IPO5"
"596",4.42579850453535e-289,0.790583216152256,"ENSG00000100823",0,"Multivariate","Conditional","APEX1"
"597",3.66975600415113e-274,0.790583216152256,"ENSG00000100911",0,"Multivariate","Conditional","PSME2"
"598",3.90448775011152e-222,0.790583216152256,"ENSG00000119632",0,"Multivariate","Conditional","IFI27L2"
"599",1.61334173844389e-263,0.790583216152256,"ENSG00000184990",0,"Multivariate","Conditional","SIVA1"
"600",3.86198765651365e-225,0.790583216152256,"ENSG00000140545",0,"Multivariate","Conditional","MFGE8"
"601",6.75342782581846e-297,0.790583216152256,"ENSG00000182054",0,"Multivariate","Conditional","IDH2"
"602",6.22732704934961e-220,0.790583216152256,"ENSG00000130731",0,"Multivariate","Conditional","METTL26"
"603",4.35118015773768e-225,0.790583216152256,"ENSG00000074071",0,"Multivariate","Conditional","MRPS34"
"604",2.18925167497653e-284,0.790583216152256,"ENSG00000171490",0,"Multivariate","Conditional","RSL1D1"
"605",7.33243771890825e-185,0.790583216152256,"ENSG00000125148",0,"Multivariate","Conditional","MT2A"
"606",1.28433153606354e-191,0.790583216152256,"ENSG00000140968",0,"Multivariate","Conditional","IRF8"
"607",5.95534355251325e-246,0.790583216152256,"ENSG00000198931",0,"Multivariate","Conditional","APRT"
"608",2.77546943205368e-287,0.790583216152256,"ENSG00000108561",0,"Multivariate","Conditional","C1QBP"
"609",5.39322488013398e-201,0.790583216152256,"ENSG00000168961",0,"Multivariate","Conditional","LGALS9"
"610",4.17257278666148e-259,0.790583216152256,"ENSG00000159199",0,"Multivariate","Conditional","ATP5MC1"
"611",5.29041312415496e-238,0.790583216152256,"ENSG00000167085",0,"Multivariate","Conditional","PHB1"
"612",6.28619906480522e-211,0.790583216152256,"ENSG00000239672",0,"Multivariate","Conditional","NME1"
"613",4.1268309155018e-175,0.790583216152256,"ENSG00000243678",0,"Multivariate","Conditional","NME2"
"614",4.31577561165955e-212,0.790583216152256,"ENSG00000224877",0,"Multivariate","Conditional","NDUFAF8"
"615",3.10315836373603e-235,0.790583216152256,"ENSG00000169689",0,"Multivariate","Conditional","CENPX"
"616",1.09591706378792e-207,0.790583216152256,"ENSG00000176890",0,"Multivariate","Conditional","TYMS"
"617",4.93185672211934e-255,0.790583216152256,"ENSG00000132205",0,"Multivariate","Conditional","EMILIN2"
"618",3.07412743315361e-247,0.790583216152256,"ENSG00000167088",0,"Multivariate","Conditional","SNRPD1"
"619",5.8947278374122e-257,0.790583216152256,"ENSG00000074695",0,"Multivariate","Conditional","LMAN1"
"620",1.60871567099258e-273,0.790583216152256,"ENSG00000167468",0,"Multivariate","Conditional","GPX4"
"621",2.44864320398925e-271,0.790583216152256,"ENSG00000130332",0,"Multivariate","Conditional","LSM7"
"622",9.7937907250403e-263,0.790583216152256,"ENSG00000099800",0,"Multivariate","Conditional","TIMM13"
"623",4.52186246407765e-223,0.790583216152256,"ENSG00000104964",0,"Multivariate","Conditional","TLE5"
"624",4.16252122922043e-255,0.790583216152256,"ENSG00000074842",0,"Multivariate","Conditional","MYDGF"
"625",1.34186572463019e-204,0.790583216152256,"ENSG00000276043",0,"Multivariate","Conditional","UHRF1"
"626",3.14670648030637e-215,0.790583216152256,"ENSG00000174917",0,"Multivariate","Conditional","MICOS13"
"627",1.16641475746908e-263,0.790583216152256,"ENSG00000130816",0,"Multivariate","Conditional","DNMT1"
"628",2.14604748894753e-182,0.790583216152256,"ENSG00000105364",0,"Multivariate","Conditional","MRPL4"
"629",9.91943843837937e-231,0.790583216152256,"ENSG00000179271",0,"Multivariate","Conditional","GADD45GIP1"
"630",3.17917020054266e-272,0.790583216152256,"ENSG00000130520",0,"Multivariate","Conditional","LSM4"
"631",1.15670319520582e-220,0.790583216152256,"ENSG00000105677",0,"Multivariate","Conditional","TMEM147"
"632",9.91877580372356e-280,0.790583216152256,"ENSG00000105202",0,"Multivariate","Conditional","FBL"
"633",2.69344833040241e-217,0.790583216152256,"ENSG00000077312",0,"Multivariate","Conditional","SNRPA"
"634",1.09788349090724e-282,0.790583216152256,"ENSG00000125743",0,"Multivariate","Conditional","SNRPD2"
"635",2.67994548218458e-281,0.790583216152256,"ENSG00000105472",0,"Multivariate","Conditional","CLEC11A"
"636",3.15613356979224e-286,0.790583216152256,"ENSG00000101361",0,"Multivariate","Conditional","NOP56"
"637",4.11188274629478e-215,0.790583216152256,"ENSG00000101347",0,"Multivariate","Conditional","SAMHD1"
"638",3.05743718749539e-163,0.790583216152256,"ENSG00000093072",0,"Multivariate","Conditional","ADA2"
"639",4.95502413927693e-234,0.790583216152256,"ENSG00000093010",0,"Multivariate","Conditional","COMT"
"640",4.69595119287867e-270,0.790583216152256,"ENSG00000099901",0,"Multivariate","Conditional","RANBP1"
"641",1.44594178338684e-247,0.790583216152256,"ENSG00000128228",0,"Multivariate","Conditional","SDF2L1"
"642",6.75163435902249e-201,0.790583216152256,"ENSG00000250479",0,"Multivariate","Conditional","CHCHD10"
"643",6.92697334481896e-241,0.790583216152256,"ENSG00000240972",0,"Multivariate","Conditional","MIF"
"644",3.39186418846077e-264,0.790583216152256,"ENSG00000100219",0,"Multivariate","Conditional","XBP1"
"645",2.10171516973695e-214,0.790583216152256,"ENSG00000100297",0,"Multivariate","Conditional","MCM5"
"646",9.95397446027184e-274,0.790583216152256,"ENSG00000241343",0,"Multivariate","Conditional","RPL36A"
"647",1.96394855304665e-208,0.790583216152256,"ENSG00000136824",7.77806984710559e-308,"Multivariate","Conditional","SMC2"
"648",3.1233767458246e-223,0.790583216152256,"ENSG00000179218",1.98469146427243e-307,"Multivariate","Conditional","CALR"
"649",6.42942807462017e-225,0.790583216152256,"ENSG00000102054",3.52320928346074e-307,"Multivariate","Conditional","RBBP7"
"650",1.01380485011755e-241,0.790583216152256,"ENSG00000148229",8.70475132469493e-307,"Multivariate","Conditional","POLE3"
"651",6.73590463709055e-204,0.790583216152256,"ENSG00000112118",1.31369316832663e-306,"Multivariate","Conditional","MCM3"
"652",1.48625895591853e-184,0.790583216152256,"ENSG00000092853",3.92425965720437e-306,"Multivariate","Conditional","CLSPN"
"653",2.28149802244412e-195,0.790583216152256,"ENSG00000246705",5.47661426635169e-306,"Multivariate","Conditional","H2AJ"
"654",1.54801666003098e-250,0.790583216152256,"ENSG00000108861",3.18096877308677e-305,"Multivariate","Conditional","DUSP3"
"655",8.61116582230053e-242,0.790583216152256,"ENSG00000111142",1.24579444720455e-304,"Multivariate","Conditional","METAP2"
"656",6.66727150567762e-231,0.790583216152256,"ENSG00000178741",1.95321457974927e-304,"Multivariate","Conditional","COX5A"
"657",4.71057347053565e-186,0.790583216152256,"ENSG00000141385",2.36559815307784e-304,"Multivariate","Conditional","AFG3L2"
"658",3.36965699245068e-223,0.790583216152256,"ENSG00000169567",3.24192526152722e-304,"Multivariate","Conditional","HINT1"
"659",1.79054744948914e-230,0.790583216152256,"ENSG00000141759",1.11439569084686e-303,"Multivariate","Conditional","TXNL4A"
"660",1.09923328038565e-240,0.790583216152256,"ENSG00000129351",1.71312825472362e-303,"Multivariate","Conditional","ILF3"
"661",2.41317922760876e-245,0.790583216152256,"ENSG00000253729",3.50597466110508e-303,"Multivariate","Conditional","PRKDC"
"662",1.80578969800843e-205,0.790583216152256,"ENSG00000110107",1.23169012238291e-302,"Multivariate","Conditional","PRPF19"
"663",1.57681484691349e-216,0.790583216152256,"ENSG00000004779",1.39889806604596e-302,"Multivariate","Conditional","NDUFAB1"
"664",1.10532096110906e-193,0.790583216152256,"ENSG00000166326",5.56911795345275e-302,"Multivariate","Conditional","TRIM44"
"665",3.84273704368616e-205,0.790583216152256,"ENSG00000196498",1.17259084634139e-301,"Multivariate","Conditional","NCOR2"
"666",8.72846442926654e-199,0.790583216152256,"ENSG00000257698",2.2968794290808e-301,"Multivariate","Conditional","GIHCG"
"667",1.66099490972529e-198,0.790583216152256,"ENSG00000128487",2.6695733009033e-301,"Multivariate","Conditional","SPECC1"
"668",1.08836749061921e-244,0.790583216152256,"ENSG00000125944",1.12689346023977e-300,"Multivariate","Conditional","HNRNPR"
"669",2.40444636281929e-209,0.790583216152256,"ENSG00000137563",1.15199635103498e-300,"Multivariate","Conditional","GGH"
"670",7.115804113558e-181,0.790583216152256,"ENSG00000079616",1.71999477589728e-300,"Multivariate","Conditional","KIF22"
"671",1.04241708739565e-195,0.790583216152256,"ENSG00000012061",1.48118583626358e-299,"Multivariate","Conditional","ERCC1"
"672",6.98202193360262e-246,0.790583216152256,"ENSG00000005022",1.86039673094381e-299,"Multivariate","Conditional","SLC25A5"
"673",5.09187692698741e-204,0.790583216152256,"ENSG00000167325",3.07950892746807e-299,"Multivariate","Conditional","RRM1"
"674",2.11989839670889e-185,0.790583216152256,"ENSG00000162909",1.55212990205694e-298,"Multivariate","Conditional","CAPN2"
"675",2.11676892756694e-237,0.790583216152256,"ENSG00000205339",2.21395343339738e-298,"Multivariate","Conditional","IPO7"
"676",4.11343253142684e-240,0.790583216152256,"ENSG00000089157",3.64476435403065e-298,"Multivariate","Conditional","RPLP0"
"677",2.14165943250762e-219,0.790583216152256,"ENSG00000144354",3.66146426321973e-298,"Multivariate","Conditional","CDCA7"
"678",1.17529205954915e-192,0.790583216152256,"ENSG00000092964",4.5202985370321e-298,"Multivariate","Conditional","DPYSL2"
"679",4.3570763915453e-182,0.790583216152256,"ENSG00000132646",1.0489653238883e-297,"Multivariate","Conditional","PCNA"
"680",1.21287339875294e-195,0.790583216152256,"ENSG00000105810",2.7453330944095e-297,"Multivariate","Conditional","CDK6"
"681",5.69140706122428e-219,0.790583216152256,"ENSG00000198856",4.61967647822068e-297,"Multivariate","Conditional","OSTC"
"682",3.12997744125561e-212,0.790583216152256,"ENSG00000087269",5.73927954398693e-297,"Multivariate","Conditional","NOP14"
"683",2.60736429104717e-257,0.790583216152256,"ENSG00000127922",6.23561273825732e-297,"Multivariate","Conditional","SEM1"
"684",5.21142431101533e-247,0.790583216152256,"ENSG00000115053",7.07386532317396e-297,"Multivariate","Conditional","NCL"
"685",1.66312789729461e-230,0.790583216152256,"ENSG00000135905",7.120667084317e-297,"Multivariate","Conditional","DOCK10"
"686",7.74566657307447e-231,0.790583216152256,"ENSG00000144381",1.34910462228763e-296,"Multivariate","Conditional","HSPD1"
"687",2.31201978177678e-207,0.790583216152256,"ENSG00000176978",1.44976753364441e-296,"Multivariate","Conditional","DPP7"
"688",3.03601297657339e-205,0.790583216152256,"ENSG00000087116",1.47615668090135e-296,"Multivariate","Conditional","ADAMTS2"
"689",6.23461697421203e-217,0.790583216152256,"ENSG00000061794",1.6304306724015e-296,"Multivariate","Conditional","MRPS35"
"690",7.96350531330271e-190,0.790583216152256,"ENSG00000103335",1.80195816711376e-296,"Multivariate","Conditional","PIEZO1"
"691",6.67315147906075e-211,0.790583216152256,"ENSG00000163584",2.71086029332485e-296,"Multivariate","Conditional","RPL22L1"
"692",3.49458376412253e-203,0.790583216152256,"ENSG00000006015",2.85810393172059e-296,"Multivariate","Conditional","REX1BD"
"693",4.20868845432915e-208,0.790583216152256,"ENSG00000182718",3.43269046754292e-296,"Multivariate","Conditional","ANXA2"
"694",2.75927927439798e-206,0.790583216152256,"ENSG00000172232",4.26410292515006e-296,"Multivariate","Conditional","AZU1"
"695",1.11579706324849e-221,0.790583216152256,"ENSG00000166598",7.5700748186552e-296,"Multivariate","Conditional","HSP90B1"
"696",6.00801943874611e-229,0.790583216152256,"ENSG00000173457",8.92061105974569e-296,"Multivariate","Conditional","PPP1R14B"
"697",1.74635975562254e-257,0.790583216152256,"ENSG00000172590",1.11914472176189e-295,"Multivariate","Conditional","MRPL52"
"698",3.14852476790956e-189,0.790583216152256,"ENSG00000172716",1.56041064189227e-295,"Multivariate","Conditional","SLFN11"
"699",7.8963255549783e-246,0.790583216152256,"ENSG00000128050",1.69090045742063e-295,"Multivariate","Conditional","PAICS"
"700",6.54263140340471e-196,0.790583216152256,"ENSG00000123131",2.70551898161474e-295,"Multivariate","Conditional","PRDX4"
"701",1.94650288641485e-206,0.790583216152256,"ENSG00000136261",3.05581250339927e-295,"Multivariate","Conditional","BZW2"
"702",9.0051502940788e-204,0.790583216152256,"ENSG00000108179",1.00004508837367e-294,"Multivariate","Conditional","PPIF"
"703",1.28051604168257e-212,0.790583216152256,"ENSG00000053371",1.14479916924004e-294,"Multivariate","Conditional","AKR7A2"
"704",6.92272402762953e-194,0.790583216152256,"ENSG00000114686",1.90277914166889e-294,"Multivariate","Conditional","MRPL3"
"705",1.42532987166477e-219,0.790583216152256,"ENSG00000187109",2.98574016094477e-294,"Multivariate","Conditional","NAP1L1"
"706",1.605756171289e-202,0.790583216152256,"ENSG00000160818",3.50987561041871e-294,"Multivariate","Conditional","GPATCH4"
"707",3.99193000503293e-214,0.790583216152256,"ENSG00000126457",5.39076676051079e-294,"Multivariate","Conditional","PRMT1"
"708",9.49889294410342e-194,0.790583216152256,"ENSG00000163811",5.88696074766987e-294,"Multivariate","Conditional","WDR43"
"709",2.05897095558386e-199,0.790583216152256,"ENSG00000090013",1.57465655791739e-293,"Multivariate","Conditional","BLVRB"
"710",1.22032038513229e-216,0.790583216152256,"ENSG00000166803",1.67173381462166e-293,"Multivariate","Conditional","PCLAF"
"711",7.67153538795977e-241,0.790583216152256,"ENSG00000132507",2.29941445585594e-293,"Multivariate","Conditional","EIF5A"
"712",5.68126680869344e-234,0.790583216152256,"ENSG00000198755",2.91701805713337e-293,"Multivariate","Conditional","RPL10A"
"713",3.66614597283222e-230,0.790583216152256,"ENSG00000269893",3.38148792155703e-293,"Multivariate","Conditional","SNHG8"
"714",1.57796048414546e-223,0.790583216152256,"ENSG00000102172",3.68880622626423e-293,"Multivariate","Conditional","SMS"
"715",9.36825279386191e-195,0.790583216152256,"ENSG00000136315",6.61856217800783e-293,"Multivariate","Conditional",NA
"716",9.43637506870075e-199,0.790583216152256,"ENSG00000180992",9.01040777118406e-293,"Multivariate","Conditional","MRPL14"
"717",6.10844388780038e-233,0.790583216152256,"ENSG00000180879",1.10805463361479e-292,"Multivariate","Conditional","SSR4"
"718",3.60115489849655e-246,0.790583216152256,"ENSG00000119705",6.87473808496175e-292,"Multivariate","Conditional","SLIRP"
"719",2.55155721080539e-204,0.790583216152256,"ENSG00000196305",7.98251833289242e-292,"Multivariate","Conditional","IARS1"
"720",1.36306385735337e-223,0.790583216152256,"ENSG00000100216",9.04591152076795e-292,"Multivariate","Conditional","TOMM22"
"721",3.03962580787672e-224,0.790583216152256,"ENSG00000104613",1.04640923065416e-291,"Multivariate","Conditional","INTS10"
"722",9.18027694276248e-229,0.790583216152256,"ENSG00000130303",1.55316425287997e-291,"Multivariate","Conditional","BST2"
"723",2.7687445696358e-188,0.790583216152256,"ENSG00000168393",1.80579106207679e-291,"Multivariate","Conditional","DTYMK"
"724",1.39314731507985e-227,0.790583216152256,"ENSG00000142168",1.88922172651934e-291,"Multivariate","Conditional","SOD1"
"725",1.94364456220409e-214,0.790583216152256,"ENSG00000178952",1.94096298601194e-291,"Multivariate","Conditional","TUFM"
"726",8.01747452513306e-172,0.790583216152256,"ENSG00000136826",3.88721546755343e-291,"Multivariate","Conditional","KLF4"
"727",1.96760423605234e-248,0.790583216152256,"ENSG00000090266",6.22701315860723e-291,"Multivariate","Conditional","NDUFB2"
"728",2.86138533365063e-229,0.790583216152256,"ENSG00000164405",7.13895690778813e-291,"Multivariate","Conditional","UQCRQ"
"729",1.53854490929173e-188,0.790583216152256,"ENSG00000004399",9.42195968785342e-291,"Multivariate","Conditional","PLXND1"
"730",1.2365301330465e-233,0.790583216152256,"ENSG00000135486",1.14703366145272e-290,"Multivariate","Conditional","HNRNPA1"
"731",2.67150510997225e-196,0.790583216152256,"ENSG00000105373",1.43638334562002e-290,"Multivariate","Conditional","NOP53"
"732",6.67999196287685e-208,0.790583216152256,"ENSG00000095380",3.1868685657359e-290,"Multivariate","Conditional","NANS"
"733",4.4493242631057e-195,0.790583216152256,"ENSG00000138363",5.13658745283064e-290,"Multivariate","Conditional","ATIC"
"734",4.15841898238995e-195,0.790583216152256,"ENSG00000155438",6.01525680855803e-290,"Multivariate","Conditional","NIFK"
"735",3.06368358937187e-213,0.790583216152256,"ENSG00000215021",6.95347979889091e-290,"Multivariate","Conditional","PHB2"
"736",1.54358287086903e-240,0.790583216152256,"ENSG00000089327",7.05086751217835e-290,"Multivariate","Conditional","FXYD5"
"737",2.09631086895868e-204,0.790583216152256,"ENSG00000184752",1.71485392162632e-289,"Multivariate","Conditional","NDUFA12"
"738",5.46164023405245e-240,0.790583216152256,"ENSG00000128951",3.87412932596422e-289,"Multivariate","Conditional","DUT"
"739",5.84886502723737e-218,0.790583216152256,"ENSG00000205544",5.67318774184484e-289,"Multivariate","Conditional","TMEM256"
"740",1.25413372503098e-225,0.790583216152256,"ENSG00000083845",9.26822092696337e-289,"Multivariate","Conditional","RPS5"
"741",3.30950595899877e-188,0.790583216152256,"ENSG00000068724",9.796823683556e-289,"Multivariate","Conditional","TTC7A"
"742",3.48002308351185e-197,0.790583216152256,"ENSG00000167513",1.11978965889156e-288,"Multivariate","Conditional","CDT1"
"743",3.79279177495908e-200,0.790583216152256,"ENSG00000146731",6.17454317609101e-288,"Multivariate","Conditional","CCT6A"
"744",5.7408480158103e-187,0.790583216152256,"ENSG00000196950",7.67335576705336e-288,"Multivariate","Conditional","SLC39A10"
"745",9.42603601135754e-159,0.790583216152256,"ENSG00000154146",1.45826826500752e-287,"Multivariate","Conditional","NRGN"
"746",1.65872650742824e-178,0.790583216152256,"ENSG00000100321",1.85390705351508e-287,"Multivariate","Conditional","SYNGR1"
"747",4.45964859019523e-193,0.790583216152256,"ENSG00000109685",3.62919483902033e-287,"Multivariate","Conditional","NSD2"
"748",3.32478224110361e-192,0.790583216152256,"ENSG00000135446",4.75423166021783e-287,"Multivariate","Conditional","CDK4"
"749",1.49607843262856e-199,0.790583216152256,"ENSG00000149485",4.86732321653863e-287,"Multivariate","Conditional","FADS1"
"750",1.90338997942768e-202,0.790583216152256,"ENSG00000163463",5.38658060012332e-287,"Multivariate","Conditional","KRTCAP2"
"751",0.871895625570464,0.790583216152256,"ENSG00000263015",0.999737365187754,"Multivariate","Conditional",NA
"752",0.0781143862312432,0.790583216152256,"ENSG00000231551",0.995950960455154,"Multivariate","Conditional","PDE4DIPP6"
"753",0.987880075068285,0.790583216152256,"ENSG00000279753",0.995211925281754,"Multivariate","Conditional",NA
"754",0.905100877370771,0.790583216152256,"ENSG00000253475",0.993846706935438,"Multivariate","Conditional",NA
"755",0.392102654099996,0.790583216152256,"ENSG00000259007",0.989436434286504,"Multivariate","Conditional",NA
"756",0.806379051443548,0.790583216152256,"ENSG00000180891",0.988822610134249,"Multivariate","Conditional","CUEDC1"
"757",0.596435478296213,0.790583216152256,"ENSG00000249863",0.987288353621557,"Multivariate","Conditional",NA
"758",0.627366181428347,0.790583216152256,"ENSG00000258565",0.985997513052463,"Multivariate","Conditional",NA
"759",0.696564538125062,0.790583216152256,"ENSG00000266111",0.98449836912463,"Multivariate","Conditional",NA
"760",0.391966035919872,0.790583216152256,"ENSG00000169432",0.984063307961357,"Multivariate","Conditional","SCN9A"
"761",0.0614115239564736,0.790583216152256,"ENSG00000160211",0.982156727241376,"Multivariate","Conditional","G6PD"
"762",0.137527017167456,0.790583216152256,"ENSG00000263883",0.978913579136251,"Multivariate","Conditional","EEF1DP7"
"763",0.861296599423614,0.790583216152256,"ENSG00000162066",0.978472322547969,"Multivariate","Conditional","AMDHD2"
"764",0.460046297403575,0.790583216152256,"ENSG00000092529",0.97822032657719,"Multivariate","Conditional","CAPN3"
"765",0.00785339458676001,0.790583216152256,"ENSG00000185278",0.975259733698772,"Multivariate","Conditional","ZBTB37"
"766",0.991813399851218,0.790583216152256,"ENSG00000163082",0.97472888914586,"Multivariate","Conditional","SGPP2"
"767",0.567441245475776,0.790583216152256,"ENSG00000223584",0.973667948421237,"Multivariate","Conditional","TVP23CP1"
"768",0.395632155816724,0.790583216152256,"ENSG00000259926",0.972886742317804,"Multivariate","Conditional",NA
"769",0.596664138324227,0.790583216152256,"ENSG00000258526",0.971965708519882,"Multivariate","Conditional",NA
"770",0.775399909857456,0.790583216152256,"ENSG00000205918",0.968934670794976,"Multivariate","Conditional","PDPK2P"
"771",0.0266664281102768,0.790583216152256,"ENSG00000170323",0.968907572200065,"Multivariate","Conditional","FABP4"
"772",0.69596562046751,0.790583216152256,"ENSG00000224259",0.968677080268214,"Multivariate","Conditional","LINC01133"
"773",0.183055256675058,0.790583216152256,"ENSG00000239920",0.968224628529657,"Multivariate","Conditional",NA
"774",0.698567162707979,0.790583216152256,"ENSG00000196411",0.966206938533459,"Multivariate","Conditional","EPHB4"
"775",0.846304650993367,0.790583216152256,"ENSG00000165895",0.965493059817422,"Multivariate","Conditional","ARHGAP42"
"776",0.260212453415104,0.790583216152256,"ENSG00000240303",0.963659088426018,"Multivariate","Conditional","ACAD11"
"777",0.1004103670138,0.790583216152256,"ENSG00000274259",0.963615121839128,"Multivariate","Conditional",NA
"778",0.00149076780069844,0.790583216152256,"ENSG00000144228",0.960850218433918,"Multivariate","Conditional","SPOPL"
"779",0.993567653368358,0.790583216152256,"ENSG00000183762",0.959911590891899,"Multivariate","Conditional","KREMEN1"
"780",0.0369616821233343,0.790583216152256,"ENSG00000145780",0.959105278558761,"Multivariate","Conditional","FEM1C"
"781",0.654529341625322,0.790583216152256,"ENSG00000002726",0.958268999771926,"Multivariate","Conditional","AOC1"
"782",0.0868888470745663,0.790583216152256,"ENSG00000142185",0.958019473571503,"Multivariate","Conditional","TRPM2"
"783",0.930138531344267,0.790583216152256,"ENSG00000259583",0.957571170811023,"Multivariate","Conditional","ALDH1A3-AS1"
"784",0.939575857014608,0.790583216152256,"ENSG00000285851",0.956586105875981,"Multivariate","Conditional",NA
"785",0.0355955959569498,0.790583216152256,"ENSG00000119402",0.955587585127857,"Multivariate","Conditional","FBXW2"
"786",0.48482165337621,0.790583216152256,"ENSG00000198682",0.951040740930607,"Multivariate","Conditional","PAPSS2"
"787",0.879666277788367,0.790583216152256,"ENSG00000223891",0.950144400223258,"Multivariate","Conditional","OSER1-DT"
"788",0.482276898191666,0.790583216152256,"ENSG00000261770",0.947321738625797,"Multivariate","Conditional",NA
"789",0.188263431614106,0.790583216152256,"ENSG00000184730",0.947125679025773,"Multivariate","Conditional","APOBR"
"790",0.48246707993916,0.790583216152256,"ENSG00000279913",0.943673521291318,"Multivariate","Conditional",NA
"791",0.905025438150052,0.790583216152256,"ENSG00000139890",0.943157701256966,"Multivariate","Conditional","REM2"
"792",0.618423728563628,0.790583216152256,"ENSG00000276289",0.93811138197825,"Multivariate","Conditional","LOC102723475"
"793",0.673756441731464,0.790583216152256,"ENSG00000257258",0.932356612513679,"Multivariate","Conditional",NA
"794",0.182064042399183,0.790583216152256,"ENSG00000003400",0.931074532781021,"Multivariate","Conditional","CASP10"
"795",0.339622366936669,0.790583216152256,"ENSG00000197782",0.929752920649013,"Multivariate","Conditional","ZNF780A"
"796",0.621754214404985,0.790583216152256,"ENSG00000266965",0.928172440084708,"Multivariate","Conditional",NA
"797",0.699559960907081,0.790583216152256,"ENSG00000279434",0.925821345092256,"Multivariate","Conditional",NA
"798",0.392102654099996,0.790583216152256,"ENSG00000272690",0.924992061818585,"Multivariate","Conditional","LINC02018"
"799",0.888336476569994,0.790583216152256,"ENSG00000182183",0.922144288957983,"Multivariate","Conditional","SHISAL2A"
"800",0.900946603976837,0.790583216152256,"ENSG00000143367",0.91791101080606,"Multivariate","Conditional","TUFT1"
"801",0.654031498103378,0.790583216152256,"ENSG00000228363",0.915555893311269,"Multivariate","Conditional",NA
"802",0.830460286388016,0.790583216152256,"ENSG00000275278",0.914770987227061,"Multivariate","Conditional",NA
"803",0.314882741732475,0.790583216152256,"ENSG00000254709",0.914770987227061,"Multivariate","Conditional","IGLL5"
"804",0.844317511277126,0.790583216152256,"ENSG00000267293",0.912888439453107,"Multivariate","Conditional","LOC100422497"
"805",0.000554922842904867,0.790583216152256,"ENSG00000102882",0.912010762159571,"Multivariate","Conditional","MAPK3"
"806",0.655377907708458,0.790583216152256,"ENSG00000181274",0.911996714813212,"Multivariate","Conditional","FRAT2"
"807",0.00257696966282158,0.790583216152256,"ENSG00000101146",0.911359947156895,"Multivariate","Conditional","RAE1"
"808",0.348171771506858,0.790583216152256,"ENSG00000253438",0.910279757868587,"Multivariate","Conditional","PCAT1"
"809",0.18147393545724,0.790583216152256,"ENSG00000188783",0.910073814935582,"Multivariate","Conditional","PRELP"
"810",0.00995855360138743,0.790583216152256,"ENSG00000065357",0.90685993394245,"Multivariate","Conditional","DGKA"
"811",0.528396898363954,0.790583216152256,"ENSG00000261596",0.905681693767886,"Multivariate","Conditional",NA
"812",0.55158155131807,0.790583216152256,"ENSG00000188580",0.904898315190425,"Multivariate","Conditional","NKAIN2"
"813",0.950075789615396,0.790583216152256,"ENSG00000258944",0.904625967996358,"Multivariate","Conditional",NA
"814",0.845231010040821,0.790583216152256,"ENSG00000277053",0.902739440968098,"Multivariate","Conditional","GTF2IP1"
"815",0.458409581296067,0.790583216152256,"ENSG00000131203",0.902525569334467,"Multivariate","Conditional","IDO1"
"816",0.00267292460071051,0.790583216152256,"ENSG00000111052",0.901931306700115,"Multivariate","Conditional","LIN7A"
"817",0.0431555378596802,0.790583216152256,"ENSG00000285938",0.900880421544505,"Multivariate","Conditional","LOC122526776"
"818",0.560200544153533,0.790583216152256,"ENSG00000143994",0.899770803036615,"Multivariate","Conditional","ABHD1"
"819",0.176380676037458,0.790583216152256,"ENSG00000267430",0.896454519021519,"Multivariate","Conditional","LOC100422317"
"820",0.168979014757809,0.790583216152256,"ENSG00000256448",0.894495052148958,"Multivariate","Conditional",NA
"821",0.933961336310291,0.790583216152256,"ENSG00000254275",0.892741347196827,"Multivariate","Conditional",NA
"822",0.309891258882366,0.790583216152256,"ENSG00000104450",0.892475430341939,"Multivariate","Conditional","SPAG1"
"823",0.673865237701759,0.790583216152256,"ENSG00000284930",0.888763483576013,"Multivariate","Conditional","LOC101928143"
"824",0.026828838228648,0.790583216152256,"ENSG00000146859",0.886693958874512,"Multivariate","Conditional","TMEM140"
"825",0.481877839391834,0.790583216152256,"ENSG00000225342",0.886579627826154,"Multivariate","Conditional",NA
"826",0.526710123607083,0.790583216152256,"ENSG00000006327",0.885633099314302,"Multivariate","Conditional","TNFRSF12A"
"827",0.611054309887148,0.790583216152256,"ENSG00000237827",0.8798688224658,"Multivariate","Conditional","RPS15AP29"
"828",0.24587840476599,0.790583216152256,"ENSG00000261644",0.876987112256501,"Multivariate","Conditional",NA
"829",0.271852879069869,0.790583216152256,"ENSG00000133317",0.874733803352369,"Multivariate","Conditional","LGALS12"
"830",0.8385471306621,0.790583216152256,"ENSG00000157379",0.873414363426864,"Multivariate","Conditional","DHRS1"
"831",0.182489639734512,0.790583216152256,"ENSG00000259935",0.872200123992894,"Multivariate","Conditional",NA
"832",0.598846342054389,0.790583216152256,"ENSG00000207508",0.868469935527578,"Multivariate","Conditional","RNU6-1237P"
"833",0.0513626007063841,0.790583216152256,"ENSG00000247853",0.863597969362492,"Multivariate","Conditional",NA
"834",0.289222927791352,0.790583216152256,"ENSG00000273253",0.863597969362492,"Multivariate","Conditional",NA
"835",0.697007341543937,0.790583216152256,"ENSG00000248019",0.860735893761096,"Multivariate","Conditional","FAM13A-AS1"
"836",0.740541005596523,0.790583216152256,"ENSG00000157388",0.85323433346584,"Multivariate","Conditional","CACNA1D"
"837",0.465349502463784,0.790583216152256,"ENSG00000261573",0.85131514255043,"Multivariate","Conditional",NA
"838",0.102578885030524,0.790583216152256,"ENSG00000154265",0.850405731483543,"Multivariate","Conditional","ABCA5"
"839",0.290920205826199,0.790583216152256,"ENSG00000183049",0.849484268658941,"Multivariate","Conditional","CAMK1D"
"840",0.317059253200692,0.790583216152256,"ENSG00000280334",0.849174635981211,"Multivariate","Conditional",NA
"841",0.0251374074908698,0.790583216152256,"ENSG00000244480",0.842344723717903,"Multivariate","Conditional",NA
"842",0.398712647951981,0.790583216152256,"ENSG00000265778",0.841843072409617,"Multivariate","Conditional","ZNF516-AS1"
"843",0.245073977731521,0.790583216152256,"ENSG00000136367",0.841055900545268,"Multivariate","Conditional","ZFHX2"
"844",0.74245465481617,0.790583216152256,"ENSG00000272650",0.841054622060769,"Multivariate","Conditional",NA
"845",0.551098208000149,0.790583216152256,"ENSG00000258745",0.841054622060769,"Multivariate","Conditional",NA
"846",0.551098208000149,0.790583216152256,"ENSG00000137860",0.841054622060769,"Multivariate","Conditional","SLC28A2"
"847",0.387708018588416,0.790583216152256,"ENSG00000114656",0.839479646301923,"Multivariate","Conditional","CFAP92"
"848",0.044903219710557,0.790583216152256,"ENSG00000206579",0.838534206514141,"Multivariate","Conditional","XKR4"
"849",0.828984683418262,0.790583216152256,"ENSG00000219163",0.837746450143713,"Multivariate","Conditional",NA
"850",0.641723417913758,0.790583216152256,"ENSG00000138134",0.833457656396317,"Multivariate","Conditional","STAMBPL1"
"851",0.832837881565765,0.790583216152256,"ENSG00000159189",0.826858157350294,"Multivariate","Conditional","C1QC"
"852",0.533220384734255,0.790583216152256,"ENSG00000165626",0.82421790296811,"Multivariate","Conditional","BEND7"
"853",0.651794198046781,0.790583216152256,"ENSG00000224672",0.822439118276205,"Multivariate","Conditional",NA
"854",0.0866157779395951,0.790583216152256,"ENSG00000279996",0.821437539120477,"Multivariate","Conditional",NA
"855",0.319469551433428,0.790583216152256,"ENSG00000163081",0.820681722932795,"Multivariate","Conditional","CCDC140"
"856",0.231918494610665,0.790583216152256,"ENSG00000204634",0.818657909025372,"Multivariate","Conditional","TBC1D8"
"857",0.938299900883418,0.790583216152256,"ENSG00000280402",0.816222825844503,"Multivariate","Conditional",NA
"858",0.994271510277321,0.790583216152256,"ENSG00000233369",0.815986058383553,"Multivariate","Conditional","GTF2IP4"
"859",0.698567162707979,0.790583216152256,"ENSG00000158578",0.813331182826621,"Multivariate","Conditional","ALAS2"
"860",0.1693349541171,0.790583216152256,"ENSG00000279801",0.813187817308384,"Multivariate","Conditional",NA
"861",0.824697883487641,0.790583216152256,"ENSG00000156738",0.812781109841824,"Multivariate","Conditional","MS4A1"
"862",0.112218645466118,0.790583216152256,"ENSG00000239557",0.812327329109541,"Multivariate","Conditional","PPP2R5CP"
"863",0.850480065499188,0.790583216152256,"ENSG00000092068",0.810465842442426,"Multivariate","Conditional","SLC7A8"
"864",0.428445306379972,0.790583216152256,"ENSG00000134545",0.810380110003261,"Multivariate","Conditional","KLRC1"
"865",0.298662267264992,0.790583216152256,"ENSG00000248559",0.808715096540528,"Multivariate","Conditional",NA
"866",0.70358112494672,0.790583216152256,"ENSG00000139318",0.80743486378976,"Multivariate","Conditional","DUSP6"
"867",0.019934705088693,0.790583216152256,"ENSG00000102921",0.806351244026472,"Multivariate","Conditional","N4BP1"
"868",0.317328131732991,0.790583216152256,"ENSG00000197535",0.803530801726133,"Multivariate","Conditional","MYO5A"
"869",0.395632155816724,0.790583216152256,"ENSG00000245281",0.798377627386724,"Multivariate","Conditional","ASAH1-AS1"
"870",0.0809031673021541,0.790583216152256,"ENSG00000101109",0.794871706386692,"Multivariate","Conditional","STK4"
"871",0.493404477469965,0.790583216152256,"ENSG00000115085",0.790076516150867,"Multivariate","Conditional","ZAP70"
"872",0.271712436482812,0.790583216152256,"ENSG00000025039",0.788583833219657,"Multivariate","Conditional","RRAGD"
"873",0.588164121362337,0.790583216152256,"ENSG00000261242",0.787846392699993,"Multivariate","Conditional",NA
"874",0.289460824372887,0.790583216152256,"ENSG00000163737",0.786921507955592,"Multivariate","Conditional","PF4"
"875",0.345198788262955,0.790583216152256,"ENSG00000128655",0.786916147911698,"Multivariate","Conditional","PDE11A"
"876",0.311838189908514,0.790583216152256,"ENSG00000205716",0.784919081167274,"Multivariate","Conditional",NA
"877",0.589466451448813,0.790583216152256,"ENSG00000274799",0.775473646738353,"Multivariate","Conditional",NA
"878",0.215133158683922,0.790583216152256,"ENSG00000155093",0.771965819791681,"Multivariate","Conditional","PTPRN2"
"879",0.53485648255682,0.790583216152256,"ENSG00000229325",0.770849045029966,"Multivariate","Conditional",NA
"880",0.0362296946667835,0.790583216152256,"ENSG00000272211",0.768242150304335,"Multivariate","Conditional",NA
"881",0.847546580985465,0.790583216152256,"ENSG00000242808",0.767445168136608,"Multivariate","Conditional","SOX2-OT"
"882",0.549891941501399,0.790583216152256,"ENSG00000163554",0.76462193216364,"Multivariate","Conditional","SPTA1"
"883",0.175630482177074,0.790583216152256,"ENSG00000263916",0.760119480193517,"Multivariate","Conditional",NA
"884",0.0275560484103236,0.790583216152256,"ENSG00000155926",0.755452327092691,"Multivariate","Conditional","SLA"
"885",0.74245465481617,0.790583216152256,"ENSG00000201942",0.752741564415384,"Multivariate","Conditional","RNA5SP363"
"886",0.542792674511777,0.790583216152256,"ENSG00000273312",0.752733674946102,"Multivariate","Conditional",NA
"887",0.752551100742779,0.790583216152256,"ENSG00000177238",0.752129982072641,"Multivariate","Conditional","TRIM72"
"888",0.354049928133746,0.790583216152256,"ENSG00000260086",0.750472194984221,"Multivariate","Conditional",NA
"889",0.461124388630114,0.790583216152256,"ENSG00000272366",0.749712360605509,"Multivariate","Conditional",NA
"890",0.882350562761145,0.790583216152256,"ENSG00000177173",0.74897495581127,"Multivariate","Conditional",NA
"891",0.047529579470968,0.790583216152256,"ENSG00000210174",0.748740278230547,"Multivariate","Conditional",NA
"892",0.00189648412634634,0.790583216152256,"ENSG00000106330",0.747681179935497,"Multivariate","Conditional","MOSPD3"
"893",0.288984867676215,0.790583216152256,"ENSG00000250608",0.747434113654555,"Multivariate","Conditional","NUDT16-DT"
"894",0.321826844137204,0.790583216152256,"ENSG00000108932",0.742579792217655,"Multivariate","Conditional","SLC16A6"
"895",0.294511778366522,0.790583216152256,"ENSG00000266900",0.741884825154197,"Multivariate","Conditional",NA
"896",0.720552071829518,0.790583216152256,"ENSG00000272627",0.740324156458629,"Multivariate","Conditional",NA
"897",0.374736328337306,0.790583216152256,"ENSG00000222112",0.739607839482944,"Multivariate","Conditional","RN7SKP16"
"898",0.00620307363791272,0.790583216152256,"ENSG00000166946",0.738482630783319,"Multivariate","Conditional","CCNDBP1"
"899",0.596167035829108,0.790583216152256,"ENSG00000238005",0.738409022372518,"Multivariate","Conditional","LNCATV"
"900",0.906285939561745,0.790583216152256,"ENSG00000254884",0.734467384168018,"Multivariate","Conditional",NA
"901",0.796683768443481,0.790583216152256,"ENSG00000227383",0.731508768358678,"Multivariate","Conditional",NA
"902",0.820007233817903,0.790583216152256,"ENSG00000237892",0.730321495293649,"Multivariate","Conditional",NA
"903",0.154137431980378,0.790583216152256,"ENSG00000198146",0.729070231043188,"Multivariate","Conditional","ZNF770"
"904",0.0341647855586732,0.790583216152256,"ENSG00000285091",0.727977305023145,"Multivariate","Conditional",NA
"905",0.508251769793361,0.790583216152256,"ENSG00000122547",0.727533178030851,"Multivariate","Conditional","EEPD1"
"906",0.355600470678905,0.790583216152256,"ENSG00000139631",0.727182923860486,"Multivariate","Conditional","CSAD"
"907",0.22950997314088,0.790583216152256,"ENSG00000171119",0.726758291374831,"Multivariate","Conditional","NRTN"
"908",0.142517975098451,0.790583216152256,"ENSG00000248863",0.726455375698665,"Multivariate","Conditional",NA
"909",0.548418398989079,0.790583216152256,"ENSG00000261971",0.725685820621817,"Multivariate","Conditional",NA
"910",0.621165486953118,0.790583216152256,"ENSG00000280248",0.724929021189426,"Multivariate","Conditional",NA
"911",0.673865237701759,0.790583216152256,"ENSG00000140287",0.724827755770219,"Multivariate","Conditional","HDC"
"912",0.0836529057053808,0.790583216152256,"ENSG00000143185",0.722780426909486,"Multivariate","Conditional","XCL2"
"913",0.908247837236014,0.790583216152256,"ENSG00000243335",0.720901561047667,"Multivariate","Conditional","KCTD7"
"914",0.930795395393254,0.790583216152256,"ENSG00000105205",0.715869596252995,"Multivariate","Conditional","CLC"
"915",0.549168290379782,0.790583216152256,"ENSG00000111537",0.715114309907256,"Multivariate","Conditional","IFNG"
"916",0.963670425013995,0.790583216152256,"ENSG00000281005",0.709804096884043,"Multivariate","Conditional","LINC00921"
"917",0.391944926352173,0.790583216152256,"ENSG00000273133",0.709403870727538,"Multivariate","Conditional",NA
"918",0.338116460404112,0.790583216152256,"ENSG00000252620",0.706492746626183,"Multivariate","Conditional","RNU6ATAC24P"
"919",0.295480481756013,0.790583216152256,"ENSG00000254995",0.706492746626183,"Multivariate","Conditional","STX16-NPEPL1"
"920",0.566166636121417,0.790583216152256,"ENSG00000107779",0.706304126749519,"Multivariate","Conditional","BMPR1A"
"921",0.824334797678936,0.790583216152256,"ENSG00000256812",0.706207620507404,"Multivariate","Conditional","CAPNS2"
"922",0.13246251535433,0.790583216152256,"ENSG00000225205",0.703153636278043,"Multivariate","Conditional",NA
"923",0.316422143750364,0.790583216152256,"ENSG00000107317",0.702694213974597,"Multivariate","Conditional","PTGDS"
"924",0.942846220736255,0.790583216152256,"ENSG00000278920",0.70224188804692,"Multivariate","Conditional",NA
"925",0.152806754201501,0.790583216152256,"ENSG00000230789",0.701654166758368,"Multivariate","Conditional","ARHGAP26-IT1"
"926",0.500350082612261,0.790583216152256,"ENSG00000173559",0.700087093484017,"Multivariate","Conditional","NABP1"
"927",0.0232808320908418,0.790583216152256,"ENSG00000251393",0.699569761391057,"Multivariate","Conditional",NA
"928",0.524757644435629,0.790583216152256,"ENSG00000225450",0.699393016260579,"Multivariate","Conditional",NA
"929",0.504113193882114,0.790583216152256,"ENSG00000279227",0.698026359144375,"Multivariate","Conditional",NA
"930",0.493404477469965,0.790583216152256,"ENSG00000236334",0.696632959702755,"Multivariate","Conditional","PPIAL4G"
"931",0.724888056315408,0.790583216152256,"ENSG00000273797",0.691253550338639,"Multivariate","Conditional",NA
"932",0.044903219710557,0.790583216152256,"ENSG00000228097",0.690623326153741,"Multivariate","Conditional","MTATP6P11"
"933",0.948173084569608,0.790583216152256,"ENSG00000279917",0.690420343310234,"Multivariate","Conditional",NA
"934",0.334310493363099,0.790583216152256,"ENSG00000111729",0.690179013658928,"Multivariate","Conditional","CLEC4A"
"935",0.536162776666928,0.790583216152256,"ENSG00000131471",0.689885379518962,"Multivariate","Conditional","AOC3"
"936",0.00163158600709841,0.790583216152256,"ENSG00000252908",0.689282228899971,"Multivariate","Conditional","RNU6-1003P"
"937",0.936392802627597,0.790583216152256,"ENSG00000275569",0.688720782920292,"Multivariate","Conditional",NA
"938",0.62352151975431,0.790583216152256,"ENSG00000196754",0.685811759297238,"Multivariate","Conditional","S100A2"
"939",0.730829943219827,0.790583216152256,"ENSG00000278829",0.685209893454845,"Multivariate","Conditional",NA
"940",0.805776302932165,0.790583216152256,"ENSG00000161921",0.682736552835826,"Multivariate","Conditional","CXCL16"
"941",0.0817727471925065,0.790583216152256,"ENSG00000075399",0.681916501943077,"Multivariate","Conditional","VPS9D1"
"942",0.742181566193002,0.790583216152256,"ENSG00000157064",0.677044062265568,"Multivariate","Conditional","NMNAT2"
"943",0.792802304992447,0.790583216152256,"ENSG00000144815",0.674446604309112,"Multivariate","Conditional","NXPE3"
"944",0.784312513717597,0.790583216152256,"ENSG00000236709",0.67310330652271,"Multivariate","Conditional","DAPK1-IT1"
"945",0.00532814345985473,0.790583216152256,"ENSG00000162777",0.666206520413436,"Multivariate","Conditional","DENND2D"
"946",0.946181604950972,0.790583216152256,"ENSG00000236021",0.659289279698819,"Multivariate","Conditional",NA
"947",0.000231824142614158,0.790583216152256,"ENSG00000158828",0.658928995747582,"Multivariate","Conditional","PINK1"
"948",0.921932527720052,0.790583216152256,"ENSG00000205682",0.656699196834113,"Multivariate","Conditional",NA
"949",0.452727100516199,0.790583216152256,"ENSG00000274512",0.655675521342527,"Multivariate","Conditional","TBC1D3"
"950",0.123898469137174,0.790583216152256,"ENSG00000123360",0.652162144012762,"Multivariate","Conditional","PDE1B"
"951",0.533322080819049,0.790583216152256,"ENSG00000136197",0.65192534373583,"Multivariate","Conditional","C7orf25"
"952",0.940413692908564,0.790583216152256,"ENSG00000129467",0.651196494961001,"Multivariate","Conditional","ADCY4"
"953",0.760607425322834,0.790583216152256,"ENSG00000260093",0.650148807352146,"Multivariate","Conditional",NA
"954",0.941705349430562,0.790583216152256,"ENSG00000263766",0.650148807352146,"Multivariate","Conditional","KPNB1-DT"
"955",0.344620639057105,0.790583216152256,"ENSG00000239887",0.649233151837146,"Multivariate","Conditional","C1orf226"
"956",0.610428597770438,0.790583216152256,"ENSG00000279145",0.644442846380511,"Multivariate","Conditional",NA
"957",0.753302089793618,0.790583216152256,"ENSG00000273033",0.643748184132802,"Multivariate","Conditional","LINC02035"
"958",0.0801611259683645,0.790583216152256,"ENSG00000121716",0.641846535044973,"Multivariate","Conditional","PILRB"
"959",0.559966848122431,0.790583216152256,"ENSG00000099999",0.640873909228935,"Multivariate","Conditional","RNF215"
"960",0.126372403668156,0.790583216152256,"ENSG00000143452",0.637886562073829,"Multivariate","Conditional","HORMAD1"
"961",0.461566768729208,0.790583216152256,"ENSG00000267365",0.636688637572917,"Multivariate","Conditional","KCNJ2-AS1"
"962",0.64129642578342,0.790583216152256,"ENSG00000185385",0.634888033035597,"Multivariate","Conditional","OR7A17"
"963",0.536162776666928,0.790583216152256,"ENSG00000277558",0.631149837931359,"Multivariate","Conditional",NA
"964",0.936392802627597,0.790583216152256,"ENSG00000161040",0.630598049276035,"Multivariate","Conditional","FBXL13"
"965",0.664764445661365,0.790583216152256,"ENSG00000267312",0.630046416041681,"Multivariate","Conditional",NA
"966",0.0155271068564001,0.790583216152256,"ENSG00000116396",0.629086560244852,"Multivariate","Conditional","KCNC4"
"967",0.315800967464956,0.790583216152256,"ENSG00000278961",0.628943616065782,"Multivariate","Conditional","LOC107983987"
"968",0.749148568129991,0.790583216152256,"ENSG00000138639",0.628589116677435,"Multivariate","Conditional","ARHGAP24"
"969",0.106887177868518,0.790583216152256,"ENSG00000167261",0.62825403600683,"Multivariate","Conditional","DPEP2"
"970",0.636027795702757,0.790583216152256,"ENSG00000168813",0.627830260557815,"Multivariate","Conditional","ZNF507"
"971",0.0256230499476875,0.790583216152256,"ENSG00000112419",0.627041405570184,"Multivariate","Conditional","PHACTR2"
"972",0.78801455040244,0.790583216152256,"ENSG00000139190",0.620935457907765,"Multivariate","Conditional","VAMP1"
"973",0.181544587333176,0.790583216152256,"ENSG00000248858",0.620212848027523,"Multivariate","Conditional","FLJ46284"
"974",0.585204286531961,0.790583216152256,"ENSG00000090661",0.618318489592167,"Multivariate","Conditional","CERS4"
"975",0.928404290158244,0.790583216152256,"ENSG00000241772",0.615534713353061,"Multivariate","Conditional",NA
"976",0.753052628155115,0.790583216152256,"ENSG00000227730",0.6152104667618,"Multivariate","Conditional","MTND6P5"
"977",0.470762995573504,0.790583216152256,"ENSG00000243650",0.612281812071248,"Multivariate","Conditional","RN7SL834P"
"978",0.365056674627427,0.790583216152256,"ENSG00000119514",0.612259108148266,"Multivariate","Conditional","GALNT12"
"979",0.245748317983434,0.790583216152256,"ENSG00000183091",0.612008958630386,"Multivariate","Conditional","NEB"
"980",0.445401198866665,0.790583216152256,"ENSG00000266680",0.611600718370791,"Multivariate","Conditional",NA
"981",0.581681112729681,0.790583216152256,"ENSG00000005844",0.610588870994132,"Multivariate","Conditional","ITGAL"
"982",0.054558585404645,0.790583216152256,"ENSG00000281772",0.608373640309977,"Multivariate","Conditional",NA
"983",0.538674594137592,0.790583216152256,"ENSG00000250254",0.608300041864721,"Multivariate","Conditional","PTTG2"
"984",0.901399593216483,0.790583216152256,"ENSG00000145649",0.607585080394432,"Multivariate","Conditional","GZMA"
"985",0.228219646933412,0.790583216152256,"ENSG00000272941",0.607038467196578,"Multivariate","Conditional",NA
"986",0.0769836256649969,0.790583216152256,"ENSG00000253636",0.607038467196578,"Multivariate","Conditional",NA
"987",0.542792674511777,0.790583216152256,"ENSG00000099866",0.607038467196578,"Multivariate","Conditional","MADCAM1"
"988",0.182489639734512,0.790583216152256,"ENSG00000023839",0.603785890991288,"Multivariate","Conditional","ABCC2"
"989",0.884017249344836,0.790583216152256,"ENSG00000205791",0.60043466017625,"Multivariate","Conditional","LOH12CR2"
"990",0.180638238455991,0.790583216152256,"ENSG00000049249",0.599275750464124,"Multivariate","Conditional","TNFRSF9"
"991",0.319731069549393,0.790583216152256,"ENSG00000167608",0.597828695425291,"Multivariate","Conditional","TMC4"
"992",0.777283850813058,0.790583216152256,"ENSG00000264916",0.596414555770302,"Multivariate","Conditional","RN7SL230P"
"993",0.933961336310291,0.790583216152256,"ENSG00000185189",0.593886879179901,"Multivariate","Conditional","NRBP2"
"994",0.575954494415112,0.790583216152256,"ENSG00000228599",0.591302492218448,"Multivariate","Conditional","RPL7P52"
"995",0.059001464024287,0.790583216152256,"ENSG00000225195",0.588085036971918,"Multivariate","Conditional",NA
"996",0.988233702157849,0.790583216152256,"ENSG00000273018",0.587466000632718,"Multivariate","Conditional","FAM106A"
"997",0.985289230952377,0.790583216152256,"ENSG00000204390",0.587220712227006,"Multivariate","Conditional","HSPA1L"
"998",0.444614018893706,0.790583216152256,"ENSG00000158163",0.586964522576095,"Multivariate","Conditional","DZIP1L"
"999",0.00140054598180038,0.790583216152256,"ENSG00000138613",0.58611519989552,"Multivariate","Conditional","APH1B"
"1000",0.504716026445833,0.790583216152256,"ENSG00000185619",0.586100886762888,"Multivariate","Conditional","PCGF3"
"1001",0.570466979353959,0.351357549946054,"ENSG00000116649",0,"Univariate","Marginal","SRM"
"1002",0.0901628746175678,0.374088106940446,"ENSG00000179051",0,"Univariate","Marginal","RCC2"
"1003",0.912325784691486,0.394294804896325,"ENSG00000004487",0,"Univariate","Marginal","KDM1A"
"1004",0.199222733975217,0.443501037300616,"ENSG00000117632",0,"Univariate","Marginal","STMN1"
"1005",0.622688770600693,0.423411989951608,"ENSG00000132780",0,"Univariate","Marginal","NASP"
"1006",0.0793367437710151,0.416742602933378,"ENSG00000116221",0,"Univariate","Marginal","MRPL37"
"1007",0.150628253112416,0.387910346609566,"ENSG00000163399",0,"Univariate","Marginal","ATP1A1"
"1008",0.376945552437894,0.320978842001443,"ENSG00000066294",0,"Univariate","Marginal","CD84"
"1009",0.59929400567041,0.338551939730193,"ENSG00000143198",0,"Univariate","Marginal","MGST3"
"1010",0.780233941032302,0.474008445213433,"ENSG00000069275",0,"Univariate","Marginal","NUCKS1"
"1011",0.520646313933407,0.454846366965551,"ENSG00000117691",0,"Univariate","Marginal","NENF"
"1012",0.652378426715694,0.383992046682427,"ENSG00000143799",0,"Univariate","Marginal","PARP1"
"1013",0.058759788454657,0.394927470795932,"ENSG00000134308",0,"Univariate","Marginal","YWHAQ"
"1014",0.0130286898598184,0.418815346981124,"ENSG00000143870",0,"Univariate","Marginal","PDIA6"
"1015",0.126075029417254,0.333844769869383,"ENSG00000138095",0,"Univariate","Marginal","LRPPRC"
"1016",0.904594653220352,0.386813379297323,"ENSG00000115355",0,"Univariate","Marginal","CCDC88A"
"1017",0.0155768511959727,0.557960040945071,"ENSG00000118640",0,"Univariate","Marginal","VAMP8"
"1018",0.869895723179065,0.402170687549386,"ENSG00000158417",0,"Univariate","Marginal","EIF5B"
"1019",0.864588898163539,0.3729862407563,"ENSG00000175701",0,"Univariate","Marginal","MTLN"
"1020",0.485187020844245,0.526377527387193,"ENSG00000152082",0,"Univariate","Marginal","MZT2B"
"1021",0.952479974043956,0.384928689805336,"ENSG00000091436",0,"Univariate","Marginal","MAP3K20"
"1022",0.186022509288378,0.440364682643412,"ENSG00000115541",0,"Univariate","Marginal","HSPE1"
"1023",0.17109258123348,0.377586797116571,"ENSG00000055044",0,"Univariate","Marginal","NOP58"
"1024",0.134407366990316,0.527812390384746,"ENSG00000114942",0,"Univariate","Marginal","EEF1B2"
"1025",0.817644417742539,0.350095632965439,"ENSG00000132182",0,"Univariate","Marginal","NUP210"
"1026",0.832164042957013,0.38232759731717,"ENSG00000178035",0,"Univariate","Marginal","IMPDH2"
"1027",0.0923881710505973,0.514222686570863,"ENSG00000233276",0,"Univariate","Marginal","GPX1"
"1028",0.952222388709444,0.295058061553008,"ENSG00000163938",0,"Univariate","Marginal","GNL3"
"1029",0.320790861801628,0.363635230117948,"ENSG00000073792",0,"Univariate","Marginal","IGF2BP2"
"1030",0.813869405273004,0.281831799761895,"ENSG00000004468",0,"Univariate","Marginal","CD38"
"1031",0.342920660108652,0.395959406584155,"ENSG00000163453",0,"Univariate","Marginal","IGFBP7"
"1032",0.0168002931999495,0.448306022925862,"ENSG00000124882",0,"Univariate","Marginal","EREG"
"1033",0.0389570720629893,0.382150298092317,"ENSG00000198498",0,"Univariate","Marginal","TMA16"
"1034",0.74722782910964,0.282925013129209,"ENSG00000134986",0,"Univariate","Marginal","NREP"
"1035",0.897866504987807,0.376010783979709,"ENSG00000213585",0,"Univariate","Marginal","VDAC1"
"1036",0.12100898229323,0.420045616740381,"ENSG00000184584",0,"Univariate","Marginal","STING1"
"1037",0.462490604223159,0.390965546371438,"ENSG00000145912",0,"Univariate","Marginal","NHP2"
"1038",0.448365823653042,0.369824699978127,"ENSG00000124766",0,"Univariate","Marginal","SOX4"
"1039",0.281547809746793,0.299666853654813,"ENSG00000204287",0,"Univariate","Marginal","HLA-DRA"
"1040",0.216480594836751,0.407103705202138,"ENSG00000137288",0,"Univariate","Marginal","UQCC2"
"1041",0.873097055834564,0.390965546371438,"ENSG00000137309",0,"Univariate","Marginal","HMGA1"
"1042",0.835416550864435,0.309267668330087,"ENSG00000124767",0,"Univariate","Marginal","GLO1"
"1043",0.31053264008472,0.489644496254977,"ENSG00000096384",0,"Univariate","Marginal","HSP90AB1"
"1044",0.031226644477537,0.351357549946054,"ENSG00000118418",0,"Univariate","Marginal","HMGN3"
"1045",0.599716838064018,0.398222761655477,"ENSG00000106268",0,"Univariate","Marginal","NUDT1"
"1046",0.431026510863481,0.369082938117542,"ENSG00000106263",0,"Univariate","Marginal","EIF3B"
"1047",0.0316154974353091,0.322265235303772,"ENSG00000122644",0,"Univariate","Marginal","ARL4A"
"1048",0.882381511651134,0.32222382745494,"ENSG00000006625",0,"Univariate","Marginal","GGCT"
"1049",0.524463876205146,0.407406073327829,"ENSG00000106355",0,"Univariate","Marginal","LSM5"
"1050",0.96741277280702,0.380231185571034,"ENSG00000106211",0,"Univariate","Marginal","HSPB1"
"1051",0.116781246015456,0.401648318677764,"ENSG00000166508",0,"Univariate","Marginal","MCM7"
"1052",0.294960958373192,0.29980830207089,"ENSG00000105967",0,"Univariate","Marginal","TFEC"
"1053",0.291644821451602,0.385808998123312,"ENSG00000197157",0,"Univariate","Marginal","SND1"
"1054",0.576593447244014,0.415273583007477,"ENSG00000283041",0,"Univariate","Marginal","LOC729998"
"1055",0.0331126382735161,0.397196410683155,"ENSG00000155660",0,"Univariate","Marginal","PDIA4"
"1056",0.797690094273482,0.332721299869098,"ENSG00000120885",0,"Univariate","Marginal","CLU"
"1057",0.467127458842207,0.347726116256041,"ENSG00000187840",0,"Univariate","Marginal","EIF4EBP1"
"1058",0.0177240661595337,0.361240921093069,"ENSG00000104738",0,"Univariate","Marginal","MCM4"
"1059",0.261398194483179,0.336231343159037,"ENSG00000164687",0,"Univariate","Marginal","FABP5"
"1060",0.926641392037354,0.395699371747368,"ENSG00000175768",0,"Univariate","Marginal","TOMM5"
"1061",0.630227760898312,0.378264608746026,"ENSG00000054148",0,"Univariate","Marginal","PHPT1"
"1062",0.183114223737145,0.304423298894871,"ENSG00000165512",0,"Univariate","Marginal","ZNF22"
"1063",0.156170893890163,0.433851991334713,"ENSG00000180817",0,"Univariate","Marginal","PPA1"
"1064",0.330308893809327,0.44515144461507,"ENSG00000127884",0,"Univariate","Marginal","ECHS1"
"1065",0.739369314893433,0.43070843511579,"ENSG00000214026",0,"Univariate","Marginal","MRPL23"
"1066",0.675426790344174,0.319829223069281,"ENSG00000110651",0,"Univariate","Marginal","CD81"
"1067",0.576208651789122,0.367426615280271,"ENSG00000244398",0,"Univariate","Marginal","RPL36AP37"
"1068",0.626897460408765,0.352400814582844,"ENSG00000244313",0,"Univariate","Marginal",NA
"1069",0.270434041196694,0.391973569640387,"ENSG00000149136",0,"Univariate","Marginal","SSRP1"
"1070",0.552478381456892,0.43046330556633,"ENSG00000134809",0,"Univariate","Marginal","TIMM10"
"1071",0.909540550010562,0.398618847427531,"ENSG00000211450",0,"Univariate","Marginal","SELENOH"
"1072",0.47901835287537,0.423551928446692,"ENSG00000124942",0,"Univariate","Marginal","AHNAK"
"1073",0.368234862597559,0.376306944652364,"ENSG00000162302",0,"Univariate","Marginal","RPS6KA4"
"1074",0.991916700843857,0.38235652633355,"ENSG00000175334",0,"Univariate","Marginal","BANF1"
"1075",0.927172986511462,0.3688169317735,"ENSG00000174547",0,"Univariate","Marginal","MRPL11"
"1076",0.302208623594592,0.529194943105541,"ENSG00000084207",0,"Univariate","Marginal","GSTP1"
"1077",0.323900228464716,0.400956690610134,"ENSG00000167792",0,"Univariate","Marginal","NDUFV1"
"1078",0.122815786462204,0.40609106168341,"ENSG00000110717",0,"Univariate","Marginal","NDUFS8"
"1079",0.272331163845913,0.330404849159677,"ENSG00000074201",0,"Univariate","Marginal","CLNS1A"
"1080",0.837881157151937,0.428915255037081,"ENSG00000060138",0,"Univariate","Marginal","YBX3"
"1081",0.545094970988108,0.436131792903118,"ENSG00000008394",0,"Univariate","Marginal","MGST1"
"1082",0.452267540754565,0.406267591005194,"ENSG00000111716",0,"Univariate","Marginal","LDHB"
"1083",0.371577069541444,0.481647643713034,"ENSG00000170515",0,"Univariate","Marginal","PA2G4"
"1084",0.524560318856187,0.354523043662145,"ENSG00000166226",0,"Univariate","Marginal","CCT2"
"1085",0.0229568875838679,0.464012817180972,"ENSG00000139343",0,"Univariate","Marginal","SNRPF"
"1086",0.712562793171144,0.400261786897568,"ENSG00000120802",0,"Univariate","Marginal","TMPO"
"1087",0.443425215985018,0.395712840797193,"ENSG00000089220",0,"Univariate","Marginal","PEBP1"
"1088",0.933277339956941,0.366971070460756,"ENSG00000110917",0,"Univariate","Marginal","MLEC"
"1089",0.363068894149484,0.469743251855372,"ENSG00000132341",0,"Univariate","Marginal","RAN"
"1090",0.095116094981139,0.445668558571184,"ENSG00000173141",0,"Univariate","Marginal","MRPL57"
"1091",0.881932753642277,0.39040237345159,"ENSG00000122025",0,"Univariate","Marginal","FLT3"
"1092",0.490192979861066,0.329263283453339,"ENSG00000120694",0,"Univariate","Marginal","HSPH1"
"1093",0.0828670474584341,0.434593644489643,"ENSG00000120675",0,"Univariate","Marginal","DNAJC15"
"1094",0.434583304904346,0.396937409562593,"ENSG00000136104",0,"Univariate","Marginal","RNASEH2B"
"1095",0.311822060732055,0.2503855358253,"ENSG00000065150",0,"Univariate","Marginal","IPO5"
"1096",0.0999118732318459,0.470050870289608,"ENSG00000100823",0,"Univariate","Marginal","APEX1"
"1097",0.943260019258499,0.405124930832142,"ENSG00000100911",0,"Univariate","Marginal","PSME2"
"1098",0.94695040650052,0.395372494657516,"ENSG00000119632",0,"Univariate","Marginal","IFI27L2"
"1099",0.228245124704096,0.41910218621451,"ENSG00000184990",0,"Univariate","Marginal","SIVA1"
"1100",0.505306521043281,0.377586797116571,"ENSG00000140545",0,"Univariate","Marginal","MFGE8"
"1101",0.133411639055411,0.467055586569819,"ENSG00000182054",0,"Univariate","Marginal","IDH2"
"1102",0.101356528415938,0.40874284061202,"ENSG00000130731",0,"Univariate","Marginal","METTL26"
"1103",0.255442085348354,0.414901223094995,"ENSG00000074071",0,"Univariate","Marginal","MRPS34"
"1104",0.0279187337367214,0.409569096682412,"ENSG00000171490",0,"Univariate","Marginal","RSL1D1"
"1105",0.183116408475509,0.318740321450878,"ENSG00000125148",0,"Univariate","Marginal","MT2A"
"1106",0.793927347191923,0.375644449046597,"ENSG00000140968",0,"Univariate","Marginal","IRF8"
"1107",0.0818569984547652,0.442153215509397,"ENSG00000198931",0,"Univariate","Marginal","APRT"
"1108",0.80922117476834,0.405697803556275,"ENSG00000108561",0,"Univariate","Marginal","C1QBP"
"1109",0.836040115413381,0.3861934453836,"ENSG00000168961",0,"Univariate","Marginal","LGALS9"
"1110",0.539208324813162,0.386456229264659,"ENSG00000159199",0,"Univariate","Marginal","ATP5MC1"
"1111",0.941210635717169,0.30578102591849,"ENSG00000167085",0,"Univariate","Marginal","PHB1"
"1112",0.886031606306283,0.332718440479835,"ENSG00000239672",0,"Univariate","Marginal","NME1"
"1113",0.801984340192691,0.273291082719051,"ENSG00000243678",0,"Univariate","Marginal","NME2"
"1114",0.0997281041434332,0.398009255919029,"ENSG00000224877",0,"Univariate","Marginal","NDUFAF8"
"1115",0.132850620850182,0.413575870810713,"ENSG00000169689",0,"Univariate","Marginal","CENPX"
"1116",0.935836221818234,0.382150298092317,"ENSG00000176890",0,"Univariate","Marginal","TYMS"
"1117",0.638900957227815,0.367525497243062,"ENSG00000132205",0,"Univariate","Marginal","EMILIN2"
"1118",0.754432403196711,0.45655037220022,"ENSG00000167088",0,"Univariate","Marginal","SNRPD1"
"1119",0.0362800308838504,0.311712245899266,"ENSG00000074695",0,"Univariate","Marginal","LMAN1"
"1120",0.0121953115870503,0.537277093489453,"ENSG00000167468",0,"Univariate","Marginal","GPX4"
"1121",0.931263400641869,0.45727610506713,"ENSG00000130332",0,"Univariate","Marginal","LSM7"
"1122",0.796336785645866,0.395465248236121,"ENSG00000099800",0,"Univariate","Marginal","TIMM13"
"1123",0.444220838406844,0.343120933325515,"ENSG00000104964",0,"Univariate","Marginal","TLE5"
"1124",0.456618359201655,0.347527325469489,"ENSG00000074842",0,"Univariate","Marginal","MYDGF"
"1125",0.108219063408899,0.304985058498475,"ENSG00000276043",0,"Univariate","Marginal","UHRF1"
"1126",0.414825644667429,0.39030143798897,"ENSG00000174917",0,"Univariate","Marginal","MICOS13"
"1127",0.489979849689774,0.408352018330053,"ENSG00000130816",0,"Univariate","Marginal","DNMT1"
"1128",0.906645861668168,0.369321665376545,"ENSG00000105364",0,"Univariate","Marginal","MRPL4"
"1129",0.986628588339501,0.4271608572724,"ENSG00000179271",0,"Univariate","Marginal","GADD45GIP1"
"1130",0.186030936896246,0.390501179422888,"ENSG00000130520",0,"Univariate","Marginal","LSM4"
"1131",0.6212318500953,0.38357167507817,"ENSG00000105677",0,"Univariate","Marginal","TMEM147"
"1132",0.837154106720321,0.476797771165708,"ENSG00000105202",0,"Univariate","Marginal","FBL"
"1133",0.117154890663196,0.303539652048769,"ENSG00000077312",0,"Univariate","Marginal","SNRPA"
"1134",0.156154567146679,0.463297491465874,"ENSG00000125743",0,"Univariate","Marginal","SNRPD2"
"1135",0.905542432408585,0.44916800351049,"ENSG00000105472",0,"Univariate","Marginal","CLEC11A"
"1136",0.891883349863684,0.390501179422888,"ENSG00000101361",0,"Univariate","Marginal","NOP56"
"1137",0.759772476657611,0.413030638515986,"ENSG00000101347",0,"Univariate","Marginal","SAMHD1"
"1138",0.821031536914859,0.273291082719051,"ENSG00000093072",0,"Univariate","Marginal","ADA2"
"1139",0.452532817843618,0.359300623249835,"ENSG00000093010",0,"Univariate","Marginal","COMT"
"1140",0.103926277841855,0.387812676825106,"ENSG00000099901",0,"Univariate","Marginal","RANBP1"
"1141",0.0251693506627195,0.343204989583667,"ENSG00000128228",0,"Univariate","Marginal","SDF2L1"
"1142",0.0497132393205325,0.395500666880207,"ENSG00000250479",0,"Univariate","Marginal","CHCHD10"
"1143",0.154576841794918,0.468585599179042,"ENSG00000240972",0,"Univariate","Marginal","MIF"
"1144",0.0476633847757917,0.393958276180715,"ENSG00000100219",0,"Univariate","Marginal","XBP1"
"1145",0.858229656513291,0.345527439047798,"ENSG00000100297",0,"Univariate","Marginal","MCM5"
"1146",4.51075948626034e-05,0.545095462310116,"ENSG00000241343",0,"Univariate","Marginal","RPL36A"
"1147",0.330959108337789,0.374622173962917,"ENSG00000136824",7.77806984710559e-308,"Univariate","Marginal","SMC2"
"1148",0.114722043874549,0.486076351880697,"ENSG00000179218",1.98469146427243e-307,"Univariate","Marginal","CALR"
"1149",0.745609953099492,0.392735253257094,"ENSG00000102054",3.52320928346074e-307,"Univariate","Marginal","RBBP7"
"1150",0.222607492371724,0.429080007415378,"ENSG00000148229",8.70475132469493e-307,"Univariate","Marginal","POLE3"
"1151",0.85116404310515,0.297433651406021,"ENSG00000112118",1.31369316832663e-306,"Univariate","Marginal","MCM3"
"1152",0.446939821702494,0.333844769869383,"ENSG00000092853",3.92425965720437e-306,"Univariate","Marginal","CLSPN"
"1153",0.684945936336818,0.440012609809769,"ENSG00000246705",5.47661426635169e-306,"Univariate","Marginal","H2AJ"
"1154",0.290359410781606,0.352067853679439,"ENSG00000108861",3.18096877308677e-305,"Univariate","Marginal","DUSP3"
"1155",0.294260222303266,0.408576010795452,"ENSG00000111142",1.24579444720455e-304,"Univariate","Marginal","METAP2"
"1156",0.1888109455321,0.467496538887902,"ENSG00000178741",1.95321457974927e-304,"Univariate","Marginal","COX5A"
"1157",0.663427898624945,0.378182414274435,"ENSG00000141385",2.36559815307784e-304,"Univariate","Marginal","AFG3L2"
"1158",0.000446678217550803,0.469226335004779,"ENSG00000169567",3.24192526152722e-304,"Univariate","Marginal","HINT1"
"1159",0.00141694388326905,0.414004186882994,"ENSG00000141759",1.11439569084686e-303,"Univariate","Marginal","TXNL4A"
"1160",0.290972022502286,0.400704464766537,"ENSG00000129351",1.71312825472362e-303,"Univariate","Marginal","ILF3"
"1161",0.0604603228679948,0.426887077344103,"ENSG00000253729",3.50597466110508e-303,"Univariate","Marginal","PRKDC"
"1162",0.200097224927307,0.374166144462224,"ENSG00000110107",1.23169012238291e-302,"Univariate","Marginal","PRPF19"
"1163",0.248018205265626,0.392425175028019,"ENSG00000004779",1.39889806604596e-302,"Univariate","Marginal","NDUFAB1"
"1164",0.729332229107677,0.376137587528913,"ENSG00000166326",5.56911795345275e-302,"Univariate","Marginal","TRIM44"
"1165",0.0209768681471269,0.386914634275305,"ENSG00000196498",1.17259084634139e-301,"Univariate","Marginal","NCOR2"
"1166",0.913640776962459,0.354429739637207,"ENSG00000257698",2.2968794290808e-301,"Univariate","Marginal","GIHCG"
"1167",0.258599064882848,0.317658064380774,"ENSG00000128487",2.6695733009033e-301,"Univariate","Marginal","SPECC1"
"1168",0.148166250738964,0.44775263145436,"ENSG00000125944",1.12689346023977e-300,"Univariate","Marginal","HNRNPR"
"1169",0.978189296394016,0.319934318443495,"ENSG00000137563",1.15199635103498e-300,"Univariate","Marginal","GGH"
"1170",0.544948558328748,0.346290303894029,"ENSG00000079616",1.71999477589728e-300,"Univariate","Marginal","KIF22"
"1171",0.73570473994656,0.353932341165397,"ENSG00000012061",1.48118583626358e-299,"Univariate","Marginal","ERCC1"
"1172",0.618551464473097,0.462707967535737,"ENSG00000005022",1.86039673094381e-299,"Univariate","Marginal","SLC25A5"
"1173",0.936834132899881,0.309632177175473,"ENSG00000167325",3.07950892746807e-299,"Univariate","Marginal","RRM1"
"1174",0.97783280343746,0.292509874469489,"ENSG00000162909",1.55212990205694e-298,"Univariate","Marginal","CAPN2"
"1175",0.50434083980855,0.323478999962089,"ENSG00000205339",2.21395343339738e-298,"Univariate","Marginal","IPO7"
"1176",0.287105383862595,0.568716866556068,"ENSG00000089157",3.64476435403065e-298,"Univariate","Marginal","RPLP0"
"1177",0.35826885148229,0.272467178131062,"ENSG00000144354",3.66146426321973e-298,"Univariate","Marginal","CDCA7"
"1178",0.597403610608633,0.289014189259052,"ENSG00000092964",4.5202985370321e-298,"Univariate","Marginal","DPYSL2"
"1179",0.750248516385999,0.378125821141069,"ENSG00000132646",1.0489653238883e-297,"Univariate","Marginal","PCNA"
"1180",0.424964640605612,0.384197937390692,"ENSG00000105810",2.7453330944095e-297,"Univariate","Marginal","CDK6"
"1181",0.890418517152854,0.399955422533318,"ENSG00000198856",4.61967647822068e-297,"Univariate","Marginal","OSTC"
"1182",0.270300294263273,0.388340676674177,"ENSG00000087269",5.73927954398693e-297,"Univariate","Marginal","NOP14"
"1183",0.211058804276508,0.439199557747435,"ENSG00000127922",6.23561273825732e-297,"Univariate","Marginal","SEM1"
"1184",0.263205648041865,0.463702158440464,"ENSG00000115053",7.07386532317396e-297,"Univariate","Marginal","NCL"
"1185",0.110206026976582,0.266594638649427,"ENSG00000135905",7.120667084317e-297,"Univariate","Marginal","DOCK10"
"1186",0.123834798365043,0.422883611784699,"ENSG00000144381",1.34910462228763e-296,"Univariate","Marginal","HSPD1"
"1187",0.183736320160274,0.347314084865122,"ENSG00000176978",1.44976753364441e-296,"Univariate","Marginal","DPP7"
"1188",0.324786224540911,0.357997471261764,"ENSG00000087116",1.47615668090135e-296,"Univariate","Marginal","ADAMTS2"
"1189",0.570240442894645,0.358627854055796,"ENSG00000061794",1.6304306724015e-296,"Univariate","Marginal","MRPS35"
"1190",0.413717181807469,0.366307111164944,"ENSG00000103335",1.80195816711376e-296,"Univariate","Marginal","PIEZO1"
"1191",0.3792253096772,0.418341213874597,"ENSG00000163584",2.71086029332485e-296,"Univariate","Marginal","RPL22L1"
"1192",0.947002400441202,0.369979130522228,"ENSG00000006015",2.85810393172059e-296,"Univariate","Marginal","REX1BD"
"1193",0.288429706881767,0.380046910174822,"ENSG00000182718",3.43269046754292e-296,"Univariate","Marginal","ANXA2"
"1194",0.789025213317341,0.439633398893191,"ENSG00000172232",4.26410292515006e-296,"Univariate","Marginal","AZU1"
"1195",0.555056464184793,0.52479764282395,"ENSG00000166598",7.5700748186552e-296,"Univariate","Marginal","HSP90B1"
"1196",0.262899133978596,0.381092686243676,"ENSG00000173457",8.92061105974569e-296,"Univariate","Marginal","PPP1R14B"
"1197",0.915246737990654,0.379994944303845,"ENSG00000172590",1.11914472176189e-295,"Univariate","Marginal","MRPL52"
"1198",0.754773171885431,0.392734076281129,"ENSG00000172716",1.56041064189227e-295,"Univariate","Marginal","SLFN11"
"1199",0.437429407519128,0.28662309075198,"ENSG00000128050",1.69090045742063e-295,"Univariate","Marginal","PAICS"
"1200",0.968445496392053,0.384255619956915,"ENSG00000123131",2.70551898161474e-295,"Univariate","Marginal","PRDX4"
"1201",0.382523188916578,0.356383847093964,"ENSG00000136261",3.05581250339927e-295,"Univariate","Marginal","BZW2"
"1202",0.913434810839555,0.379606504174705,"ENSG00000108179",1.00004508837367e-294,"Univariate","Marginal","PPIF"
"1203",0.0881429785841857,0.379727668172287,"ENSG00000053371",1.14479916924004e-294,"Univariate","Marginal","AKR7A2"
"1204",0.311575997660247,0.369812004732245,"ENSG00000114686",1.90277914166889e-294,"Univariate","Marginal","MRPL3"
"1205",0.0877577127685267,0.481658922895521,"ENSG00000187109",2.98574016094477e-294,"Univariate","Marginal","NAP1L1"
"1206",0.505376081118171,0.337338583188745,"ENSG00000160818",3.50987561041871e-294,"Univariate","Marginal","GPATCH4"
"1207",0.0280491527335655,0.385482128781067,"ENSG00000126457",5.39076676051079e-294,"Univariate","Marginal","PRMT1"
"1208",0.453734704403382,0.315264164615601,"ENSG00000163811",5.88696074766987e-294,"Univariate","Marginal","WDR43"
"1209",0.0496039650179532,0.388264761239072,"ENSG00000090013",1.57465655791739e-293,"Univariate","Marginal","BLVRB"
"1210",0.676683589694058,0.336105903013658,"ENSG00000166803",1.67173381462166e-293,"Univariate","Marginal","PCLAF"
"1211",0.745708984851944,0.44564178494552,"ENSG00000132507",2.29941445585594e-293,"Univariate","Marginal","EIF5A"
"1212",0.00442049964638555,0.513688957045098,"ENSG00000198755",2.91701805713337e-293,"Univariate","Marginal","RPL10A"
"1213",0.804747637033188,0.358859908648901,"ENSG00000269893",3.38148792155703e-293,"Univariate","Marginal","SNHG8"
"1214",0.454750864345438,0.400413525387772,"ENSG00000102172",3.68880622626423e-293,"Univariate","Marginal","SMS"
"1215",0.210788544803804,0.293620798491337,"ENSG00000136315",6.61856217800783e-293,"Univariate","Marginal",NA
"1216",0.547713666294097,0.390264529072435,"ENSG00000180992",9.01040777118406e-293,"Univariate","Marginal","MRPL14"
"1217",0.0379861986697431,0.514568066728689,"ENSG00000180879",1.10805463361479e-292,"Univariate","Marginal","SSR4"
"1218",0.0760120608512444,0.447827191630618,"ENSG00000119705",6.87473808496175e-292,"Univariate","Marginal","SLIRP"
"1219",0.946792742614559,0.24830509977394,"ENSG00000196305",7.98251833289242e-292,"Univariate","Marginal","IARS1"
"1220",0.615372090458375,0.389868836166572,"ENSG00000100216",9.04591152076795e-292,"Univariate","Marginal","TOMM22"
"1221",0.10348868343839,0.389502771655883,"ENSG00000104613",1.04640923065416e-291,"Univariate","Marginal","INTS10"
"1222",0.802506413352485,0.414570662782107,"ENSG00000130303",1.55316425287997e-291,"Univariate","Marginal","BST2"
"1223",0.504230565565793,0.37394914045304,"ENSG00000168393",1.80579106207679e-291,"Univariate","Marginal","DTYMK"
"1224",0.568359744529724,0.340697566685698,"ENSG00000142168",1.88922172651934e-291,"Univariate","Marginal","SOD1"
"1225",0.043206659193963,0.434844904736232,"ENSG00000178952",1.94096298601194e-291,"Univariate","Marginal","TUFM"
"1226",0.478216599269112,0.380320998865402,"ENSG00000136826",3.88721546755343e-291,"Univariate","Marginal","KLF4"
"1227",0.677607801408575,0.401287349879512,"ENSG00000090266",6.22701315860723e-291,"Univariate","Marginal","NDUFB2"
"1228",0.00884855298202728,0.491418687045132,"ENSG00000164405",7.13895690778813e-291,"Univariate","Marginal","UQCRQ"
"1229",0.479379120237043,0.351888568609428,"ENSG00000004399",9.42195968785342e-291,"Univariate","Marginal","PLXND1"
"1230",0.076192313412861,0.549735922851947,"ENSG00000135486",1.14703366145272e-290,"Univariate","Marginal","HNRNPA1"
"1231",0.0153328955505652,0.377124573712508,"ENSG00000105373",1.43638334562002e-290,"Univariate","Marginal","NOP53"
"1232",0.329403517216152,0.361201823276804,"ENSG00000095380",3.1868685657359e-290,"Univariate","Marginal","NANS"
"1233",0.818019864250976,0.387693399209495,"ENSG00000138363",5.13658745283064e-290,"Univariate","Marginal","ATIC"
"1234",0.459713973501826,0.349004580949333,"ENSG00000155438",6.01525680855803e-290,"Univariate","Marginal","NIFK"
"1235",0.982141173568376,0.418093660870631,"ENSG00000215021",6.95347979889091e-290,"Univariate","Marginal","PHB2"
"1236",0.219157856695428,0.484653498016593,"ENSG00000089327",7.05086751217835e-290,"Univariate","Marginal","FXYD5"
"1237",0.905536217193121,0.352320812031278,"ENSG00000184752",1.71485392162632e-289,"Univariate","Marginal","NDUFA12"
"1238",0.470931382478626,0.447716234542503,"ENSG00000128951",3.87412932596422e-289,"Univariate","Marginal","DUT"
"1239",0.945763181369953,0.406819542520818,"ENSG00000205544",5.67318774184484e-289,"Univariate","Marginal","TMEM256"
"1240",0.45103544922626,0.527812390384746,"ENSG00000083845",9.26822092696337e-289,"Univariate","Marginal","RPS5"
"1241",0.695735272533513,0.360076652704554,"ENSG00000068724",9.796823683556e-289,"Univariate","Marginal","TTC7A"
"1242",0.59405533748016,0.324734862754555,"ENSG00000167513",1.11978965889156e-288,"Univariate","Marginal","CDT1"
"1243",0.17009995424919,0.409597414092765,"ENSG00000146731",6.17454317609101e-288,"Univariate","Marginal","CCT6A"
"1244",0.287176619220512,0.368299242364988,"ENSG00000196950",7.67335576705336e-288,"Univariate","Marginal","SLC39A10"
"1245",0.364451729562258,0.24898560029605,"ENSG00000154146",1.45826826500752e-287,"Univariate","Marginal","NRGN"
"1246",0.586298254676164,0.35531312877993,"ENSG00000100321",1.85390705351508e-287,"Univariate","Marginal","SYNGR1"
"1247",0.904758105724158,0.338261896583018,"ENSG00000109685",3.62919483902033e-287,"Univariate","Marginal","NSD2"
"1248",0.614750813889274,0.396583040284382,"ENSG00000135446",4.75423166021783e-287,"Univariate","Marginal","CDK4"
"1249",0.35834628262469,0.297433651406021,"ENSG00000149485",4.86732321653863e-287,"Univariate","Marginal","FADS1"
"1250",0.720213355960226,0.355335279487299,"ENSG00000163463",5.38658060012332e-287,"Univariate","Marginal","KRTCAP2"
"1251",0.368619333388459,0.00987459884126737,"ENSG00000263015",0.999737365187754,"Univariate","Marginal",NA
"1252",0.65511755617307,-0.00572782862723812,"ENSG00000231551",0.995950960455154,"Univariate","Marginal","PDE4DIPP6"
"1253",0.763235753774305,-0.00586231512690427,"ENSG00000279753",0.995211925281754,"Univariate","Marginal",NA
"1254",0.666432503566483,-0.000490963485798968,"ENSG00000253475",0.993846706935438,"Univariate","Marginal",NA
"1255",0.740133795005003,-0.0016323664214771,"ENSG00000259007",0.989436434286504,"Univariate","Marginal",NA
"1256",0.416933920963729,-0.00232654470074056,"ENSG00000180891",0.988822610134249,"Univariate","Marginal","CUEDC1"
"1257",0.782522624531863,-0.00222482572663091,"ENSG00000249863",0.987288353621557,"Univariate","Marginal",NA
"1258",0.264218393368597,0.0078581849184776,"ENSG00000258565",0.985997513052463,"Univariate","Marginal",NA
"1259",0.782523047560937,-0.00103741725297119,"ENSG00000266111",0.98449836912463,"Univariate","Marginal",NA
"1260",0.63809496208935,0.00116939332144235,"ENSG00000169432",0.984063307961357,"Univariate","Marginal","SCN9A"
"1261",0.653830783424455,-0.000763218750760833,"ENSG00000160211",0.982156727241376,"Univariate","Marginal","G6PD"
"1262",0.682956047315459,-0.00602287275482162,"ENSG00000263883",0.978913579136251,"Univariate","Marginal","EEF1DP7"
"1263",0.80015352776725,0.00924250461168709,"ENSG00000162066",0.978472322547969,"Univariate","Marginal","AMDHD2"
"1264",0.310812718745963,0.000737054072890167,"ENSG00000092529",0.97822032657719,"Univariate","Marginal","CAPN3"
"1265",0.699919909091821,-0.0138902159098379,"ENSG00000185278",0.975259733698772,"Univariate","Marginal","ZBTB37"
"1266",0.706355729194913,-0.000860347111590252,"ENSG00000163082",0.97472888914586,"Univariate","Marginal","SGPP2"
"1267",0.570977807449173,-0.00163976372507466,"ENSG00000223584",0.973667948421237,"Univariate","Marginal","TVP23CP1"
"1268",0.698656074595779,0.00209249251541234,"ENSG00000259926",0.972886742317804,"Univariate","Marginal",NA
"1269",0.698655655891224,-0.00124282900728103,"ENSG00000258526",0.971965708519882,"Univariate","Marginal",NA
"1270",0.709845255935192,-0.00103741725297119,"ENSG00000205918",0.968934670794976,"Univariate","Marginal","PDPK2P"
"1271",0.825059577068671,-0.00498987159814161,"ENSG00000170323",0.968907572200065,"Univariate","Marginal","FABP4"
"1272",0.699415367518063,-0.00731396772179608,"ENSG00000224259",0.968677080268214,"Univariate","Marginal","LINC01133"
"1273",0.829277096836446,-0.00142942876605315,"ENSG00000239920",0.968224628529657,"Univariate","Marginal",NA
"1274",0.691129681269467,-0.00515010864668543,"ENSG00000196411",0.966206938533459,"Univariate","Marginal","EPHB4"
"1275",0.822307297153344,-0.00440269597564886,"ENSG00000165895",0.965493059817422,"Univariate","Marginal","ARHGAP42"
"1276",0.622970039160252,0.00607463533622165,"ENSG00000240303",0.963659088426018,"Univariate","Marginal","ACAD11"
"1277",0.820947852479526,0.0029413607386188,"ENSG00000274259",0.963615121839128,"Univariate","Marginal",NA
"1278",0.94209629161185,-0.00098361316579486,"ENSG00000144228",0.960850218433918,"Univariate","Marginal","SPOPL"
"1279",0.217663595541724,-0.00357942557243923,"ENSG00000183762",0.959911590891899,"Univariate","Marginal","KREMEN1"
"1280",0.602617645723407,-0.00130046682976575,"ENSG00000145780",0.959105278558761,"Univariate","Marginal","FEM1C"
"1281",0.829310292029397,-0.0026262522707052,"ENSG00000002726",0.958268999771926,"Univariate","Marginal","AOC1"
"1282",0.630986636902118,-0.00303107196955666,"ENSG00000142185",0.958019473571503,"Univariate","Marginal","TRPM2"
"1283",0.829310034380141,0.000762466321768801,"ENSG00000259583",0.957571170811023,"Univariate","Marginal","ALDH1A3-AS1"
"1284",0.6114829222304,0.000818223980900335,"ENSG00000285851",0.956586105875981,"Univariate","Marginal",NA
"1285",0.277288745423171,-0.0103350814222292,"ENSG00000119402",0.955587585127857,"Univariate","Marginal","FBXW2"
"1286",0.403596849722442,0.00463692732002786,"ENSG00000198682",0.951040740930607,"Univariate","Marginal","PAPSS2"
"1287",0.647450009894405,0.00363394695274873,"ENSG00000223891",0.950144400223258,"Univariate","Marginal","OSER1-DT"
"1288",0.775465324890971,-0.00615682196829779,"ENSG00000261770",0.947321738625797,"Univariate","Marginal",NA
"1289",0.341675882824933,-0.0106399672251736,"ENSG00000184730",0.947125679025773,"Univariate","Marginal","APOBR"
"1290",0.775465123816982,0.000535433862479569,"ENSG00000279913",0.943673521291318,"Univariate","Marginal",NA
"1291",0.753165026794941,-0.00572782862723812,"ENSG00000139890",0.943157701256966,"Univariate","Marginal","REM2"
"1292",0.605343485149332,0.00337948777129112,"ENSG00000276289",0.93811138197825,"Univariate","Marginal","LOC102723475"
"1293",0.588391203464357,0.00303821603536993,"ENSG00000257258",0.932356612513679,"Univariate","Marginal",NA
"1294",0.370601883185074,0.000769688297873517,"ENSG00000003400",0.931074532781021,"Univariate","Marginal","CASP10"
"1295",0.911706430116869,0.00429334538909893,"ENSG00000197782",0.929752920649013,"Univariate","Marginal","ZNF780A"
"1296",0.0135591001856167,0.00940110677058432,"ENSG00000266965",0.928172440084708,"Univariate","Marginal",NA
"1297",0.731247201091206,-0.00515010864668543,"ENSG00000279434",0.925821345092256,"Univariate","Marginal",NA
"1298",0.728661679054969,-5.97979634816578e-05,"ENSG00000272690",0.924992061818585,"Univariate","Marginal","LINC02018"
"1299",0.324177683027269,0.0092943719040603,"ENSG00000182183",0.922144288957983,"Univariate","Marginal","SHISAL2A"
"1300",0.000259511094207134,0.00136747210939293,"ENSG00000143367",0.91791101080606,"Univariate","Marginal","TUFT1"
"1301",0.790980108297495,0.0063309472513873,"ENSG00000228363",0.915555893311269,"Univariate","Marginal",NA
"1302",0.790980108297494,-0.00222482572663091,"ENSG00000275278",0.914770987227061,"Univariate","Marginal",NA
"1303",0.790980108297495,-0.000439968559745888,"ENSG00000254709",0.914770987227061,"Univariate","Marginal","IGLL5"
"1304",0.807771304385656,0.00197501662118051,"ENSG00000267293",0.912888439453107,"Univariate","Marginal","LOC100422497"
"1305",0.636602831293712,0.000941279051268217,"ENSG00000102882",0.912010762159571,"Univariate","Marginal","MAPK3"
"1306",0.214556902274963,0.00720415769881281,"ENSG00000181274",0.911996714813212,"Univariate","Marginal","FRAT2"
"1307",0.819031378599648,0.00176296280112116,"ENSG00000101146",0.911359947156895,"Univariate","Marginal","RAE1"
"1308",0.684530851337971,-0.00124282900728103,"ENSG00000253438",0.910279757868587,"Univariate","Marginal","PCAT1"
"1309",0.874917392333323,0.00381298218975652,"ENSG00000188783",0.910073814935582,"Univariate","Marginal","PRELP"
"1310",0.550364404866795,-0.00359188899045291,"ENSG00000065357",0.90685993394245,"Univariate","Marginal","DGKA"
"1311",0.699857745459573,-0.011726480470332,"ENSG00000261596",0.905681693767886,"Univariate","Marginal",NA
"1312",0.860962920008581,0.00538775541983253,"ENSG00000188580",0.904898315190425,"Univariate","Marginal","NKAIN2"
"1313",0.707586800691086,0.000903979633536925,"ENSG00000258944",0.904625967996358,"Univariate","Marginal",NA
"1314",0.0375203933227984,0.00196954504496165,"ENSG00000277053",0.902739440968098,"Univariate","Marginal","GTF2IP1"
"1315",0.0718562757891274,-0.00292832895450196,"ENSG00000131203",0.902525569334467,"Univariate","Marginal","IDO1"
"1316",0.756808698840788,-0.000199012437932845,"ENSG00000111052",0.901931306700115,"Univariate","Marginal","LIN7A"
"1317",0.370599350433558,0.000143652446069633,"ENSG00000285938",0.900880421544505,"Univariate","Marginal","LOC122526776"
"1318",0.634434327656655,0.00220468095374805,"ENSG00000143994",0.899770803036615,"Univariate","Marginal","ABHD1"
"1319",0.879719065072267,-0.011612990208442,"ENSG00000267430",0.896454519021519,"Univariate","Marginal","LOC100422317"
"1320",0.66281481893618,-0.00222482572663091,"ENSG00000256448",0.894495052148958,"Univariate","Marginal",NA
"1321",0.818894138620052,0.00136747210939293,"ENSG00000254275",0.892741347196827,"Univariate","Marginal",NA
"1322",0.351948077182263,-0.00172173544416646,"ENSG00000104450",0.892475430341939,"Univariate","Marginal","SPAG1"
"1323",0.815581884425714,0.00173337803169457,"ENSG00000284930",0.888763483576013,"Univariate","Marginal","LOC101928143"
"1324",0.0403813452357315,-0.00739810557581673,"ENSG00000146859",0.886693958874512,"Univariate","Marginal","TMEM140"
"1325",0.983920981679398,-0.00275584698120621,"ENSG00000225342",0.886579627826154,"Univariate","Marginal",NA
"1326",0.267213371009892,0.00337948777129112,"ENSG00000006327",0.885633099314302,"Univariate","Marginal","TNFRSF12A"
"1327",0.969232068458281,0.000182608330432633,"ENSG00000237827",0.8798688224658,"Univariate","Marginal","RPS15AP29"
"1328",0.0058382026397429,-5.97979634816578e-05,"ENSG00000261644",0.876987112256501,"Univariate","Marginal",NA
"1329",0.652404885371173,-0.00597551150049678,"ENSG00000133317",0.874733803352369,"Univariate","Marginal","LGALS12"
"1330",0.503433215354065,-0.0094882564485638,"ENSG00000157379",0.873414363426864,"Univariate","Marginal","DHRS1"
"1331",0.836626888294688,0.000762466321768801,"ENSG00000259935",0.872200123992894,"Univariate","Marginal",NA
"1332",0.785553915653847,0.00288652858443775,"ENSG00000207508",0.868469935527578,"Univariate","Marginal","RNU6-1237P"
"1333",0.724783346335362,-0.00222482572663091,"ENSG00000247853",0.863597969362492,"Univariate","Marginal",NA
"1334",0.721432894943398,-0.00340231311955638,"ENSG00000273253",0.863597969362492,"Univariate","Marginal",NA
"1335",0.255089966306582,0.0034245485067642,"ENSG00000248019",0.860735893761096,"Univariate","Marginal","FAM13A-AS1"
"1336",0.357174721285439,-0.00424675046303205,"ENSG00000157388",0.85323433346584,"Univariate","Marginal","CACNA1D"
"1337",0.716034128265036,0.00423214974714413,"ENSG00000261573",0.85131514255043,"Univariate","Marginal",NA
"1338",0.180856733334864,0.000148192572791723,"ENSG00000154265",0.850405731483543,"Univariate","Marginal","ABCA5"
"1339",0.336841150647505,-0.00072646678814613,"ENSG00000183049",0.849484268658941,"Univariate","Marginal","CAMK1D"
"1340",0.931140416308354,-0.00182872715869985,"ENSG00000280334",0.849174635981211,"Univariate","Marginal",NA
"1341",0.633014115633109,-0.00144357543512354,"ENSG00000244480",0.842344723717903,"Univariate","Marginal",NA
"1342",0.798029263658476,0.0029413607386188,"ENSG00000265778",0.841843072409617,"Univariate","Marginal","ZNF516-AS1"
"1343",0.807181479509169,0.00477232834208669,"ENSG00000136367",0.841055900545268,"Univariate","Marginal","ZFHX2"
"1344",0.807180869774817,-0.00202909980156677,"ENSG00000272650",0.841054622060769,"Univariate","Marginal",NA
"1345",0.799823112434247,-0.0032208959708547,"ENSG00000258745",0.841054622060769,"Univariate","Marginal",NA
"1346",0.798029066596523,-0.0016323664214771,"ENSG00000137860",0.841054622060769,"Univariate","Marginal","SLC28A2"
"1347",0.807181305299944,0.00136747210939293,"ENSG00000114656",0.839479646301923,"Univariate","Marginal","CFAP92"
"1348",0.802852665584561,0.00415946017332088,"ENSG00000206579",0.838534206514141,"Univariate","Marginal","XKR4"
"1349",0.802852798685507,0.000535433862479569,"ENSG00000219163",0.837746450143713,"Univariate","Marginal",NA
"1350",0.833990617171775,0.00951923616239986,"ENSG00000138134",0.833457656396317,"Univariate","Marginal","STAMBPL1"
"1351",0.857452921719323,0.00600575143380226,"ENSG00000159189",0.826858157350294,"Univariate","Marginal","C1QC"
"1352",0.667969412546013,0.0072818805489631,"ENSG00000165626",0.82421790296811,"Univariate","Marginal","BEND7"
"1353",0.805350799460077,-0.00103741725297119,"ENSG00000224672",0.822439118276205,"Univariate","Marginal",NA
"1354",0.511013076377327,-0.00770104312281911,"ENSG00000279996",0.821437539120477,"Univariate","Marginal",NA
"1355",0.809105642222998,0.00415946017332088,"ENSG00000163081",0.820681722932795,"Univariate","Marginal","CCDC140"
"1356",0.352176979406376,0.00781619220066279,"ENSG00000204634",0.818657909025372,"Univariate","Marginal","TBC1D8"
"1357",0.593841404030467,-0.00922666525339467,"ENSG00000280402",0.816222825844503,"Univariate","Marginal",NA
"1358",0.511012394079562,0.00876528723035257,"ENSG00000233369",0.815986058383553,"Univariate","Marginal","GTF2IP4"
"1359",0.759065708686884,-0.00281480477516389,"ENSG00000158578",0.813331182826621,"Univariate","Marginal","ALAS2"
"1360",0.780755598393193,0.00136747210939293,"ENSG00000279801",0.813187817308384,"Univariate","Marginal",NA
"1361",0.960949736836266,0.00222204311100989,"ENSG00000156738",0.812781109841824,"Univariate","Marginal","MS4A1"
"1362",0.760048884416663,0.00173337803169457,"ENSG00000239557",0.812327329109541,"Univariate","Marginal","PPP2R5CP"
"1363",0.75906597755637,-0.00557457708810694,"ENSG00000092068",0.810465842442426,"Univariate","Marginal","SLC7A8"
"1364",0.971768839016774,-0.000612150490202209,"ENSG00000134545",0.810380110003261,"Univariate","Marginal","KLRC1"
"1365",0.44036077059299,-0.0119247877243303,"ENSG00000248559",0.808715096540528,"Univariate","Marginal",NA
"1366",0.747671058808135,-0.0103109542015533,"ENSG00000139318",0.80743486378976,"Univariate","Marginal","DUSP6"
"1367",0.417384378583969,0.00668593669489815,"ENSG00000102921",0.806351244026472,"Univariate","Marginal","N4BP1"
"1368",0.351818157309863,-0.00449534237007743,"ENSG00000197535",0.803530801726133,"Univariate","Marginal","MYO5A"
"1369",0.629116070282153,9.63115750454697e-05,"ENSG00000245281",0.798377627386724,"Univariate","Marginal","ASAH1-AS1"
"1370",0.793364676085819,0.000735166483211278,"ENSG00000101109",0.794871706386692,"Univariate","Marginal","STK4"
"1371",0.626207170758237,0.00126576056131796,"ENSG00000115085",0.790076516150867,"Univariate","Marginal","ZAP70"
"1372",0.286516119995596,-0.00865612030024612,"ENSG00000025039",0.788583833219657,"Univariate","Marginal","RRAGD"
"1373",0.721432894943398,-0.00340231311955638,"ENSG00000261242",0.787846392699993,"Univariate","Marginal",NA
"1374",0.721432525586143,0.00329092976054411,"ENSG00000163737",0.786921507955592,"Univariate","Marginal","PF4"
"1375",0.990713526556467,0.00322529910409365,"ENSG00000128655",0.786916147911698,"Univariate","Marginal","PDE11A"
"1376",0.845087336287783,0.00694655873545021,"ENSG00000205716",0.784919081167274,"Univariate","Marginal",NA
"1377",0.606691451011201,-0.000274684695543165,"ENSG00000274799",0.775473646738353,"Univariate","Marginal",NA
"1378",0.158536262236029,-0.0037523318322198,"ENSG00000155093",0.771965819791681,"Univariate","Marginal","PTPRN2"
"1379",0.39612615111467,-0.00701177143759395,"ENSG00000229325",0.770849045029966,"Univariate","Marginal",NA
"1380",0.470930732743513,0.000830889348655113,"ENSG00000272211",0.768242150304335,"Univariate","Marginal",NA
"1381",0.00021556423758779,0.00354914094334345,"ENSG00000242808",0.767445168136608,"Univariate","Marginal","SOX2-OT"
"1382",0.805350799460077,0.0023361097018699,"ENSG00000163554",0.76462193216364,"Univariate","Marginal","SPTA1"
"1383",0.393404893824875,0.00494297543258182,"ENSG00000263916",0.760119480193517,"Univariate","Marginal",NA
"1384",0.00301703459351162,0.0049561111062652,"ENSG00000155926",0.755452327092691,"Univariate","Marginal","SLA"
"1385",0.798029066596524,0.0029413607386188,"ENSG00000201942",0.752741564415384,"Univariate","Marginal","RNA5SP363"
"1386",0.751784739833622,-0.00340231311955638,"ENSG00000273312",0.752733674946102,"Univariate","Marginal",NA
"1387",0.802852665584561,-0.00600669560410112,"ENSG00000177238",0.752129982072641,"Univariate","Marginal","TRIM72"
"1388",0.715980886843494,-0.0016323664214771,"ENSG00000260086",0.750472194984221,"Univariate","Marginal",NA
"1389",0.70641137593,-0.00515010864668543,"ENSG00000272366",0.749712360605509,"Univariate","Marginal",NA
"1390",0.399605152212809,-0.00706208045407801,"ENSG00000177173",0.74897495581127,"Univariate","Marginal",NA
"1391",0.647741644802185,0.00434971950462576,"ENSG00000210174",0.748740278230547,"Univariate","Marginal",NA
"1392",0.0703846570057495,0.00193085516580701,"ENSG00000106330",0.747681179935497,"Univariate","Marginal","MOSPD3"
"1393",0.706021048903685,-0.00456995563679826,"ENSG00000250608",0.747434113654555,"Univariate","Marginal","NUDT16-DT"
"1394",0.336846297555913,-0.00541740377083038,"ENSG00000108932",0.742579792217655,"Univariate","Marginal","SLC16A6"
"1395",0.0799582148432798,0.00209249251541234,"ENSG00000266900",0.741884825154197,"Univariate","Marginal",NA
"1396",0.576616692982671,0.002790871554688,"ENSG00000272627",0.740324156458629,"Univariate","Marginal",NA
"1397",0.779414057873909,0.00642814021805797,"ENSG00000222112",0.739607839482944,"Univariate","Marginal","RN7SKP16"
"1398",0.934510456015013,0.00627748813137998,"ENSG00000166946",0.738482630783319,"Univariate","Marginal","CCNDBP1"
"1399",0.727862319122533,-0.010996983513839,"ENSG00000238005",0.738409022372518,"Univariate","Marginal","LNCATV"
"1400",0.41554795038571,-0.0109084749870394,"ENSG00000254884",0.734467384168018,"Univariate","Marginal",NA
"1401",0.749520747965322,-0.000369574934147626,"ENSG00000227383",0.731508768358678,"Univariate","Marginal",NA
"1402",0.242207783713758,-0.00805784054643694,"ENSG00000237892",0.730321495293649,"Univariate","Marginal",NA
"1403",0.117945076213579,-0.00446089373816764,"ENSG00000198146",0.729070231043188,"Univariate","Marginal","ZNF770"
"1404",0.613053035486655,0.00337948777129112,"ENSG00000285091",0.727977305023145,"Univariate","Marginal",NA
"1405",0.108632116717878,-0.0089648048995665,"ENSG00000122547",0.727533178030851,"Univariate","Marginal","EEPD1"
"1406",0.891418291585743,0.00270313055442249,"ENSG00000139631",0.727182923860486,"Univariate","Marginal","CSAD"
"1407",0.72866103602804,-0.00340231311955638,"ENSG00000171119",0.726758291374831,"Univariate","Marginal","NRTN"
"1408",0.242205010454236,0.00615669265386581,"ENSG00000248863",0.726455375698665,"Univariate","Marginal",NA
"1409",0.142344152920574,0.00238193836415434,"ENSG00000261971",0.725685820621817,"Univariate","Marginal",NA
"1410",0.728661356303579,-0.000652549077470739,"ENSG00000280248",0.724929021189426,"Univariate","Marginal",NA
"1411",0.945167709427344,-0.00122172282074548,"ENSG00000140287",0.724827755770219,"Univariate","Marginal","HDC"
"1412",0.945167709427344,-0.00122172282074548,"ENSG00000143185",0.722780426909486,"Univariate","Marginal","XCL2"
"1413",0.0503723768872692,-0.0029407499441497,"ENSG00000243335",0.720901561047667,"Univariate","Marginal","KCTD7"
"1414",0.303474341609773,-0.0343516505013496,"ENSG00000105205",0.715869596252995,"Univariate","Marginal","CLC"
"1415",0.893071068611127,-0.00142942876605315,"ENSG00000111537",0.715114309907256,"Univariate","Marginal","IFNG"
"1416",0.902152227150942,0.00184071397247763,"ENSG00000281005",0.709804096884043,"Univariate","Marginal","LINC00921"
"1417",0.691129298315254,0.00149700028721345,"ENSG00000273133",0.709403870727538,"Univariate","Marginal",NA
"1418",0.692605592742145,0.00363394695274873,"ENSG00000252620",0.706492746626183,"Univariate","Marginal","RNU6ATAC24P"
"1419",0.0338983820823325,0.00575839341048741,"ENSG00000254995",0.706492746626183,"Univariate","Marginal","STX16-NPEPL1"
"1420",0.499676217283156,0.00404308809266661,"ENSG00000107779",0.706304126749519,"Univariate","Marginal","BMPR1A"
"1421",0.854056739495147,0.00354914094334345,"ENSG00000256812",0.706207620507404,"Univariate","Marginal","CAPNS2"
"1422",0.656405492335348,-0.00144357543512354,"ENSG00000225205",0.703153636278043,"Univariate","Marginal",NA
"1423",0.976335234682633,-0.00122172282074548,"ENSG00000107317",0.702694213974597,"Univariate","Marginal","PTGDS"
"1424",0.673055696506439,-0.00557457708810694,"ENSG00000278920",0.70224188804692,"Univariate","Marginal",NA
"1425",0.700502193880091,0.00449936803829763,"ENSG00000230789",0.701654166758368,"Univariate","Marginal","ARHGAP26-IT1"
"1426",0.134677475966382,0.011190438819592,"ENSG00000173559",0.700087093484017,"Univariate","Marginal","NABP1"
"1427",0.85238935717125,0.00136747210939293,"ENSG00000251393",0.699569761391057,"Univariate","Marginal",NA
"1428",0.611400057707812,0.00126576056131796,"ENSG00000225450",0.699393016260579,"Univariate","Marginal",NA
"1429",0.349734234440578,-0.000323644650196897,"ENSG00000279227",0.698026359144375,"Univariate","Marginal",NA
"1430",0.6994157634459,-0.000652549077470739,"ENSG00000236334",0.696632959702755,"Univariate","Marginal","PPIAL4G"
"1431",0.117678861360663,0.00494297543258182,"ENSG00000273797",0.691253550338639,"Univariate","Marginal",NA
"1432",0.818894138620051,0.00113315598217061,"ENSG00000228097",0.690623326153741,"Univariate","Marginal","MTATP6P11"
"1433",0.576616163926417,-0.0037523318322198,"ENSG00000279917",0.690420343310234,"Univariate","Marginal",NA
"1434",0.346080871817616,0.0140023817890369,"ENSG00000111729",0.690179013658928,"Univariate","Marginal","CLEC4A"
"1435",0.790980108297494,0.00113315598217061,"ENSG00000131471",0.689885379518962,"Univariate","Marginal","AOC3"
"1436",0.65511748106154,-0.000860347111590252,"ENSG00000252908",0.689282228899971,"Univariate","Marginal","RNU6-1003P"
"1437",0.790980108297495,0.0029413607386188,"ENSG00000275569",0.688720782920292,"Univariate","Marginal",NA
"1438",0.796804188229357,0.00415946017332088,"ENSG00000196754",0.685811759297238,"Univariate","Marginal","S100A2"
"1439",0.65447527347806,0.0163714174991926,"ENSG00000278829",0.685209893454845,"Univariate","Marginal",NA
"1440",0.454342105451436,-0.00335433843814853,"ENSG00000161921",0.682736552835826,"Univariate","Marginal","CXCL16"
"1441",0.738588143561096,0.00800443403763904,"ENSG00000075399",0.681916501943077,"Univariate","Marginal","VPS9D1"
"1442",0.86088170506573,-0.00303507223352937,"ENSG00000157064",0.677044062265568,"Univariate","Marginal","NMNAT2"
"1443",0.967036484405542,-0.0078143954759888,"ENSG00000144815",0.674446604309112,"Univariate","Marginal","NXPE3"
"1444",0.132028068842514,0.00303821603536993,"ENSG00000236709",0.67310330652271,"Univariate","Marginal","DAPK1-IT1"
"1445",0.744472929868642,0.011348448975569,"ENSG00000162777",0.666206520413436,"Univariate","Marginal","DENND2D"
"1446",0.561075710914889,0.00046057168540853,"ENSG00000236021",0.659289279698819,"Univariate","Marginal",NA
"1447",0.780509495911338,-0.000177333993480943,"ENSG00000158828",0.658928995747582,"Univariate","Marginal","PINK1"
"1448",0.583352860622583,0.00397053879576784,"ENSG00000205682",0.656699196834113,"Univariate","Marginal",NA
"1449",0.0703733697402884,-0.00432352726716953,"ENSG00000274512",0.655675521342527,"Univariate","Marginal","TBC1D3"
"1450",0.478638867680185,0.00388467320077682,"ENSG00000123360",0.652162144012762,"Univariate","Marginal","PDE1B"
"1451",0.522565096728202,-0.00278518754867929,"ENSG00000136197",0.65192534373583,"Univariate","Marginal","C7orf25"
"1452",0.778978595037308,0.00379068845139729,"ENSG00000129467",0.651196494961001,"Univariate","Marginal","ADCY4"
"1453",0.703247817922398,-0.00281480477516389,"ENSG00000260093",0.650148807352146,"Univariate","Marginal",NA
"1454",0.69941591624926,0.00423214974714413,"ENSG00000263766",0.650148807352146,"Univariate","Marginal","KPNB1-DT"
"1455",0.604537821372798,0.00185413218553406,"ENSG00000239887",0.649233151837146,"Univariate","Marginal","C1orf226"
"1456",0.554671220608865,0.00579580779480112,"ENSG00000279145",0.644442846380511,"Univariate","Marginal",NA
"1457",0.82798289428226,-0.00121676842933448,"ENSG00000273033",0.643748184132802,"Univariate","Marginal","LINC02035"
"1458",0.504451569855519,0.0150969899206195,"ENSG00000121716",0.641846535044973,"Univariate","Marginal","PILRB"
"1459",0.41120032006827,0.00499289012735356,"ENSG00000099999",0.640873909228935,"Univariate","Marginal","RNF215"
"1460",6.43944850762891e-05,0.00847397489070597,"ENSG00000143452",0.637886562073829,"Univariate","Marginal","HORMAD1"
"1461",0.00119723512278514,0.00389389394463258,"ENSG00000267365",0.636688637572917,"Univariate","Marginal","KCNJ2-AS1"
"1462",0.063998206578186,0.00456403387164993,"ENSG00000185385",0.634888033035597,"Univariate","Marginal","OR7A17"
"1463",0.781974185424163,-0.0016323664214771,"ENSG00000277558",0.631149837931359,"Univariate","Marginal",NA
"1464",0.784177175589778,-0.00615682196829779,"ENSG00000161040",0.630598049276035,"Univariate","Marginal","FBXL13"
"1465",0.781974185424163,-0.00498987159814161,"ENSG00000267312",0.630046416041681,"Univariate","Marginal",NA
"1466",0.855965886466212,-0.0168978094778926,"ENSG00000116396",0.629086560244852,"Univariate","Marginal","KCNC4"
"1467",0.00128825749402756,-0.00222482572663091,"ENSG00000278961",0.628943616065782,"Univariate","Marginal","LOC107983987"
"1468",0.51357596263914,-0.00807546454523377,"ENSG00000138639",0.628589116677435,"Univariate","Marginal","ARHGAP24"
"1469",0.460919125234178,0.00738758453795526,"ENSG00000167261",0.62825403600683,"Univariate","Marginal","DPEP2"
"1470",0.939684788663471,0.0193528286362753,"ENSG00000168813",0.627830260557815,"Univariate","Marginal","ZNF507"
"1471",0.185742302446382,-0.00254831357828609,"ENSG00000112419",0.627041405570184,"Univariate","Marginal","PHACTR2"
"1472",0.997381049518701,0.00719113567984821,"ENSG00000139190",0.620935457907765,"Univariate","Marginal","VAMP1"
"1473",0.898729205095148,0.000950880767100473,"ENSG00000248858",0.620212848027523,"Univariate","Marginal","FLJ46284"
"1474",0.70437456480859,-0.000891056202961653,"ENSG00000090661",0.618318489592167,"Univariate","Marginal","CERS4"
"1475",0.916009608592095,-0.00599849839608296,"ENSG00000241772",0.615534713353061,"Univariate","Marginal",NA
"1476",0.82505947165063,0.00848958476755936,"ENSG00000227730",0.6152104667618,"Univariate","Marginal","MTND6P5"
"1477",0.890354928111789,0.0217360169038939,"ENSG00000243650",0.612281812071248,"Univariate","Marginal","RN7SL834P"
"1478",0.945655086113194,0.000200152207061807,"ENSG00000119514",0.612259108148266,"Univariate","Marginal","GALNT12"
"1479",0.900261550128353,0.00258510979743235,"ENSG00000183091",0.612008958630386,"Univariate","Marginal","NEB"
"1480",0.820947866024616,0.00354914094334345,"ENSG00000266680",0.611600718370791,"Univariate","Marginal",NA
"1481",0.222828315233235,-0.00555211822386979,"ENSG00000005844",0.610588870994132,"Univariate","Marginal","ITGAL"
"1482",0.688143659388703,-5.97979634816578e-05,"ENSG00000281772",0.608373640309977,"Univariate","Marginal",NA
"1483",0.82230717689786,0.000762466321768801,"ENSG00000250254",0.608300041864721,"Univariate","Marginal","PTTG2"
"1484",0.784177619273448,0.00389389394463258,"ENSG00000145649",0.607585080394432,"Univariate","Marginal","GZMA"
"1485",0.782522624531863,-0.00557457708810694,"ENSG00000272941",0.607038467196578,"Univariate","Marginal",NA
"1486",0.782522624531863,0.00113315598217061,"ENSG00000253636",0.607038467196578,"Univariate","Marginal",NA
"1487",0.790939795476969,-0.000652549077470739,"ENSG00000099866",0.607038467196578,"Univariate","Marginal","MADCAM1"
"1488",0.782522982198628,-0.00222482572663091,"ENSG00000023839",0.603785890991288,"Univariate","Marginal","ABCC2"
"1489",0.760007846523876,0.0141182819322303,"ENSG00000205791",0.60043466017625,"Univariate","Marginal","LOH12CR2"
"1490",0.00731979814392782,-0.00281480477516389,"ENSG00000049249",0.599275750464124,"Univariate","Marginal","TNFRSF9"
"1491",0.68814381679827,0.00244494757030937,"ENSG00000167608",0.597828695425291,"Univariate","Marginal","TMC4"
"1492",0.0741581753944315,-0.000891056202961653,"ENSG00000264916",0.596414555770302,"Univariate","Marginal","RN7SL230P"
"1493",0.729519890721171,-0.00281480477516389,"ENSG00000185189",0.593886879179901,"Univariate","Marginal","NRBP2"
"1494",0.94988926834708,-0.000222491525541041,"ENSG00000228599",0.591302492218448,"Univariate","Marginal","RPL7P52"
"1495",0.706411462582506,0.0060416844370237,"ENSG00000225195",0.588085036971918,"Univariate","Marginal",NA
"1496",0.646269828748423,0.00436565445907487,"ENSG00000273018",0.587466000632718,"Univariate","Marginal","FAM106A"
"1497",0.114726638035912,-0.00409967770900494,"ENSG00000204390",0.587220712227006,"Univariate","Marginal","HSPA1L"
"1498",0.964720505021475,-0.00470656155087704,"ENSG00000158163",0.586964522576095,"Univariate","Marginal","DZIP1L"
"1499",0.386594559143613,0.00574937425867729,"ENSG00000138613",0.58611519989552,"Univariate","Marginal","APH1B"
"1500",0.459298104400485,-0.0033100385391042,"ENSG00000185619",0.586100886762888,"Univariate","Marginal","PCGF3"
"1501",3.02278683664907e-145,0.810169184187362,"ENSG00000116649",0,"Multivariate","Marginal","SRM"
"1502",3.0615028739225e-177,0.810169184187362,"ENSG00000179051",0,"Multivariate","Marginal","RCC2"
"1503",6.22825180867401e-136,0.810169184187362,"ENSG00000004487",0,"Multivariate","Marginal","KDM1A"
"1504",5.59444872293293e-149,0.810169184187362,"ENSG00000117632",0,"Multivariate","Marginal","STMN1"
"1505",3.04260420423138e-161,0.810169184187362,"ENSG00000132780",0,"Multivariate","Marginal","NASP"
"1506",4.72389628019922e-171,0.810169184187362,"ENSG00000116221",0,"Multivariate","Marginal","MRPL37"
"1507",2.88134727274468e-179,0.810169184187362,"ENSG00000163399",0,"Multivariate","Marginal","ATP1A1"
"1508",2.67579477286972e-172,0.810169184187362,"ENSG00000066294",0,"Multivariate","Marginal","CD84"
"1509",1.51949137467957e-134,0.810169184187362,"ENSG00000143198",0,"Multivariate","Marginal","MGST3"
"1510",5.35744137304608e-112,0.810169184187362,"ENSG00000069275",0,"Multivariate","Marginal","NUCKS1"
"1511",1.41530471687899e-174,0.810169184187362,"ENSG00000117691",0,"Multivariate","Marginal","NENF"
"1512",2.49940930434534e-177,0.810169184187362,"ENSG00000143799",0,"Multivariate","Marginal","PARP1"
"1513",2.44945008838855e-157,0.810169184187362,"ENSG00000134308",0,"Multivariate","Marginal","YWHAQ"
"1514",6.71357301873861e-167,0.810169184187362,"ENSG00000143870",0,"Multivariate","Marginal","PDIA6"
"1515",4.02493063971246e-200,0.810169184187362,"ENSG00000138095",0,"Multivariate","Marginal","LRPPRC"
"1516",2.65490169179091e-152,0.810169184187362,"ENSG00000115355",0,"Multivariate","Marginal","CCDC88A"
"1517",1.09284498363386e-106,0.810169184187362,"ENSG00000118640",0,"Multivariate","Marginal","VAMP8"
"1518",3.28841067357667e-136,0.810169184187362,"ENSG00000158417",0,"Multivariate","Marginal","EIF5B"
"1519",2.21815692207845e-160,0.810169184187362,"ENSG00000175701",0,"Multivariate","Marginal","MTLN"
"1520",1.08561311951403e-103,0.810169184187362,"ENSG00000152082",0,"Multivariate","Marginal","MZT2B"
"1521",1.29020973676388e-168,0.810169184187362,"ENSG00000091436",0,"Multivariate","Marginal","MAP3K20"
"1522",9.93313930035027e-152,0.810169184187362,"ENSG00000115541",0,"Multivariate","Marginal","HSPE1"
"1523",6.49281768045943e-190,0.810169184187362,"ENSG00000055044",0,"Multivariate","Marginal","NOP58"
"1524",1.42648889822078e-124,0.810169184187362,"ENSG00000114942",0,"Multivariate","Marginal","EEF1B2"
"1525",1.80149723108561e-164,0.810169184187362,"ENSG00000132182",0,"Multivariate","Marginal","NUP210"
"1526",1.46320060316221e-169,0.810169184187362,"ENSG00000178035",0,"Multivariate","Marginal","IMPDH2"
"1527",1.91549122278843e-121,0.810169184187362,"ENSG00000233276",0,"Multivariate","Marginal","GPX1"
"1528",1.65727238339475e-202,0.810169184187362,"ENSG00000163938",0,"Multivariate","Marginal","GNL3"
"1529",1.00842965735003e-188,0.810169184187362,"ENSG00000073792",0,"Multivariate","Marginal","IGF2BP2"
"1530",3.77335797734113e-168,0.810169184187362,"ENSG00000004468",0,"Multivariate","Marginal","CD38"
"1531",4.72543326302393e-179,0.810169184187362,"ENSG00000163453",0,"Multivariate","Marginal","IGFBP7"
"1532",7.60496209704857e-146,0.810169184187362,"ENSG00000124882",0,"Multivariate","Marginal","EREG"
"1533",5.26499674760958e-179,0.810169184187362,"ENSG00000198498",0,"Multivariate","Marginal","TMA16"
"1534",1.75702936951142e-181,0.810169184187362,"ENSG00000134986",0,"Multivariate","Marginal","NREP"
"1535",7.76179244210192e-173,0.810169184187362,"ENSG00000213585",0,"Multivariate","Marginal","VDAC1"
"1536",2.02489151022352e-154,0.810169184187362,"ENSG00000184584",0,"Multivariate","Marginal","STING1"
"1537",1.15074313597709e-178,0.810169184187362,"ENSG00000145912",0,"Multivariate","Marginal","NHP2"
"1538",1.22897156025339e-150,0.810169184187362,"ENSG00000124766",0,"Multivariate","Marginal","SOX4"
"1539",8.12706218856688e-170,0.810169184187362,"ENSG00000204287",0,"Multivariate","Marginal","HLA-DRA"
"1540",4.95328083858371e-180,0.810169184187362,"ENSG00000137288",0,"Multivariate","Marginal","UQCC2"
"1541",5.97150260672834e-167,0.810169184187362,"ENSG00000137309",0,"Multivariate","Marginal","HMGA1"
"1542",2.57438983708021e-166,0.810169184187362,"ENSG00000124767",0,"Multivariate","Marginal","GLO1"
"1543",1.46722922671705e-118,0.810169184187362,"ENSG00000096384",0,"Multivariate","Marginal","HSP90AB1"
"1544",6.16112813583341e-196,0.810169184187362,"ENSG00000118418",0,"Multivariate","Marginal","HMGN3"
"1545",1.16961988068076e-161,0.810169184187362,"ENSG00000106268",0,"Multivariate","Marginal","NUDT1"
"1546",1.77097881987547e-163,0.810169184187362,"ENSG00000106263",0,"Multivariate","Marginal","EIF3B"
"1547",9.1352656551206e-139,0.810169184187362,"ENSG00000122644",0,"Multivariate","Marginal","ARL4A"
"1548",4.22645122422443e-178,0.810169184187362,"ENSG00000006625",0,"Multivariate","Marginal","GGCT"
"1549",4.34207390531706e-159,0.810169184187362,"ENSG00000106355",0,"Multivariate","Marginal","LSM5"
"1550",1.48008707921798e-153,0.810169184187362,"ENSG00000106211",0,"Multivariate","Marginal","HSPB1"
"1551",1.53192328272514e-124,0.810169184187362,"ENSG00000166508",0,"Multivariate","Marginal","MCM7"
"1552",1.31181231283883e-179,0.810169184187362,"ENSG00000105967",0,"Multivariate","Marginal","TFEC"
"1553",5.74268748153158e-155,0.810169184187362,"ENSG00000197157",0,"Multivariate","Marginal","SND1"
"1554",2.33531271777695e-157,0.810169184187362,"ENSG00000283041",0,"Multivariate","Marginal","LOC729998"
"1555",7.94421949332964e-173,0.810169184187362,"ENSG00000155660",0,"Multivariate","Marginal","PDIA4"
"1556",3.91438360460228e-140,0.810169184187362,"ENSG00000120885",0,"Multivariate","Marginal","CLU"
"1557",1.23413088856525e-193,0.810169184187362,"ENSG00000187840",0,"Multivariate","Marginal","EIF4EBP1"
"1558",3.66489557012975e-161,0.810169184187362,"ENSG00000104738",0,"Multivariate","Marginal","MCM4"
"1559",6.60204098123884e-195,0.810169184187362,"ENSG00000164687",0,"Multivariate","Marginal","FABP5"
"1560",8.67727230706743e-156,0.810169184187362,"ENSG00000175768",0,"Multivariate","Marginal","TOMM5"
"1561",2.54088228348227e-161,0.810169184187362,"ENSG00000054148",0,"Multivariate","Marginal","PHPT1"
"1562",8.69358417349923e-169,0.810169184187362,"ENSG00000165512",0,"Multivariate","Marginal","ZNF22"
"1563",4.20910127689554e-195,0.810169184187362,"ENSG00000180817",0,"Multivariate","Marginal","PPA1"
"1564",3.94154514220026e-136,0.810169184187362,"ENSG00000127884",0,"Multivariate","Marginal","ECHS1"
"1565",9.97873715419442e-137,0.810169184187362,"ENSG00000214026",0,"Multivariate","Marginal","MRPL23"
"1566",1.84137905717937e-158,0.810169184187362,"ENSG00000110651",0,"Multivariate","Marginal","CD81"
"1567",1.37363206889852e-161,0.810169184187362,"ENSG00000244398",0,"Multivariate","Marginal","RPL36AP37"
"1568",1.86730807523744e-132,0.810169184187362,"ENSG00000244313",0,"Multivariate","Marginal",NA
"1569",1.34164499218485e-173,0.810169184187362,"ENSG00000149136",0,"Multivariate","Marginal","SSRP1"
"1570",6.57281646192511e-166,0.810169184187362,"ENSG00000134809",0,"Multivariate","Marginal","TIMM10"
"1571",1.12998977175453e-149,0.810169184187362,"ENSG00000211450",0,"Multivariate","Marginal","SELENOH"
"1572",2.899182186914e-132,0.810169184187362,"ENSG00000124942",0,"Multivariate","Marginal","AHNAK"
"1573",4.20998403268665e-162,0.810169184187362,"ENSG00000162302",0,"Multivariate","Marginal","RPS6KA4"
"1574",1.19135080159509e-152,0.810169184187362,"ENSG00000175334",0,"Multivariate","Marginal","BANF1"
"1575",1.81532413278885e-179,0.810169184187362,"ENSG00000174547",0,"Multivariate","Marginal","MRPL11"
"1576",1.16902077673893e-119,0.810169184187362,"ENSG00000084207",0,"Multivariate","Marginal","GSTP1"
"1577",5.13863021436409e-143,0.810169184187362,"ENSG00000167792",0,"Multivariate","Marginal","NDUFV1"
"1578",1.5655717640467e-146,0.810169184187362,"ENSG00000110717",0,"Multivariate","Marginal","NDUFS8"
"1579",5.10146313186355e-166,0.810169184187362,"ENSG00000074201",0,"Multivariate","Marginal","CLNS1A"
"1580",6.58182718835358e-178,0.810169184187362,"ENSG00000060138",0,"Multivariate","Marginal","YBX3"
"1581",3.47362940886534e-205,0.810169184187362,"ENSG00000008394",0,"Multivariate","Marginal","MGST1"
"1582",3.41082534268831e-179,0.810169184187362,"ENSG00000111716",0,"Multivariate","Marginal","LDHB"
"1583",1.22270749608666e-138,0.810169184187362,"ENSG00000170515",0,"Multivariate","Marginal","PA2G4"
"1584",3.58756788906892e-144,0.810169184187362,"ENSG00000166226",0,"Multivariate","Marginal","CCT2"
"1585",4.4174115602157e-158,0.810169184187362,"ENSG00000139343",0,"Multivariate","Marginal","SNRPF"
"1586",3.48197320064556e-138,0.810169184187362,"ENSG00000120802",0,"Multivariate","Marginal","TMPO"
"1587",6.46155764785871e-211,0.810169184187362,"ENSG00000089220",0,"Multivariate","Marginal","PEBP1"
"1588",4.60196678194335e-201,0.810169184187362,"ENSG00000110917",0,"Multivariate","Marginal","MLEC"
"1589",2.27668532317343e-149,0.810169184187362,"ENSG00000132341",0,"Multivariate","Marginal","RAN"
"1590",2.16527102531821e-146,0.810169184187362,"ENSG00000173141",0,"Multivariate","Marginal","MRPL57"
"1591",2.92012641150139e-194,0.810169184187362,"ENSG00000122025",0,"Multivariate","Marginal","FLT3"
"1592",3.01163355937833e-180,0.810169184187362,"ENSG00000120694",0,"Multivariate","Marginal","HSPH1"
"1593",1.14594526585052e-199,0.810169184187362,"ENSG00000120675",0,"Multivariate","Marginal","DNAJC15"
"1594",8.33169799364807e-165,0.810169184187362,"ENSG00000136104",0,"Multivariate","Marginal","RNASEH2B"
"1595",1.17255657916869e-191,0.810169184187362,"ENSG00000065150",0,"Multivariate","Marginal","IPO5"
"1596",6.17572210051503e-174,0.810169184187362,"ENSG00000100823",0,"Multivariate","Marginal","APEX1"
"1597",4.16870730305842e-154,0.810169184187362,"ENSG00000100911",0,"Multivariate","Marginal","PSME2"
"1598",9.99736849064156e-167,0.810169184187362,"ENSG00000119632",0,"Multivariate","Marginal","IFI27L2"
"1599",4.67162617894274e-149,0.810169184187362,"ENSG00000184990",0,"Multivariate","Marginal","SIVA1"
"1600",3.26347912601229e-161,0.810169184187362,"ENSG00000140545",0,"Multivariate","Marginal","MFGE8"
"1601",1.8957156790362e-160,0.810169184187362,"ENSG00000182054",0,"Multivariate","Marginal","IDH2"
"1602",4.30525703315112e-154,0.810169184187362,"ENSG00000130731",0,"Multivariate","Marginal","METTL26"
"1603",1.04418884124918e-123,0.810169184187362,"ENSG00000074071",0,"Multivariate","Marginal","MRPS34"
"1604",1.32734274734247e-165,0.810169184187362,"ENSG00000171490",0,"Multivariate","Marginal","RSL1D1"
"1605",2.49378782763288e-142,0.810169184187362,"ENSG00000125148",0,"Multivariate","Marginal","MT2A"
"1606",2.70498885657362e-147,0.810169184187362,"ENSG00000140968",0,"Multivariate","Marginal","IRF8"
"1607",4.71148563967559e-146,0.810169184187362,"ENSG00000198931",0,"Multivariate","Marginal","APRT"
"1608",9.83406823437029e-179,0.810169184187362,"ENSG00000108561",0,"Multivariate","Marginal","C1QBP"
"1609",8.58575524137265e-151,0.810169184187362,"ENSG00000168961",0,"Multivariate","Marginal","LGALS9"
"1610",1.36691376618227e-181,0.810169184187362,"ENSG00000159199",0,"Multivariate","Marginal","ATP5MC1"
"1611",5.53891966971138e-169,0.810169184187362,"ENSG00000167085",0,"Multivariate","Marginal","PHB1"
"1612",2.90857203434704e-160,0.810169184187362,"ENSG00000239672",0,"Multivariate","Marginal","NME1"
"1613",6.71157250154417e-117,0.810169184187362,"ENSG00000243678",0,"Multivariate","Marginal","NME2"
"1614",1.55499967730951e-167,0.810169184187362,"ENSG00000224877",0,"Multivariate","Marginal","NDUFAF8"
"1615",5.23277850747367e-171,0.810169184187362,"ENSG00000169689",0,"Multivariate","Marginal","CENPX"
"1616",1.22986749107325e-155,0.810169184187362,"ENSG00000176890",0,"Multivariate","Marginal","TYMS"
"1617",1.57064312641402e-159,0.810169184187362,"ENSG00000132205",0,"Multivariate","Marginal","EMILIN2"
"1618",9.4590163366616e-137,0.810169184187362,"ENSG00000167088",0,"Multivariate","Marginal","SNRPD1"
"1619",1.40673411971047e-199,0.810169184187362,"ENSG00000074695",0,"Multivariate","Marginal","LMAN1"
"1620",1.81221544682027e-136,0.810169184187362,"ENSG00000167468",0,"Multivariate","Marginal","GPX4"
"1621",1.61259433815346e-150,0.810169184187362,"ENSG00000130332",0,"Multivariate","Marginal","LSM7"
"1622",2.42015269781102e-150,0.810169184187362,"ENSG00000099800",0,"Multivariate","Marginal","TIMM13"
"1623",1.94817945566275e-145,0.810169184187362,"ENSG00000104964",0,"Multivariate","Marginal","TLE5"
"1624",2.13179602177653e-178,0.810169184187362,"ENSG00000074842",0,"Multivariate","Marginal","MYDGF"
"1625",8.74677836259309e-168,0.810169184187362,"ENSG00000276043",0,"Multivariate","Marginal","UHRF1"
"1626",9.96926991060851e-178,0.810169184187362,"ENSG00000174917",0,"Multivariate","Marginal","MICOS13"
"1627",1.61367875210765e-200,0.810169184187362,"ENSG00000130816",0,"Multivariate","Marginal","DNMT1"
"1628",6.41237036496949e-159,0.810169184187362,"ENSG00000105364",0,"Multivariate","Marginal","MRPL4"
"1629",3.23684929977086e-178,0.810169184187362,"ENSG00000179271",0,"Multivariate","Marginal","GADD45GIP1"
"1630",1.5117920882138e-183,0.810169184187362,"ENSG00000130520",0,"Multivariate","Marginal","LSM4"
"1631",2.04107759532725e-144,0.810169184187362,"ENSG00000105677",0,"Multivariate","Marginal","TMEM147"
"1632",3.72650986832732e-142,0.810169184187362,"ENSG00000105202",0,"Multivariate","Marginal","FBL"
"1633",1.16128082038678e-171,0.810169184187362,"ENSG00000077312",0,"Multivariate","Marginal","SNRPA"
"1634",7.57171080684123e-148,0.810169184187362,"ENSG00000125743",0,"Multivariate","Marginal","SNRPD2"
"1635",3.33042795650683e-149,0.810169184187362,"ENSG00000105472",0,"Multivariate","Marginal","CLEC11A"
"1636",4.32304224132292e-177,0.810169184187362,"ENSG00000101361",0,"Multivariate","Marginal","NOP56"
"1637",3.17168860641431e-141,0.810169184187362,"ENSG00000101347",0,"Multivariate","Marginal","SAMHD1"
"1638",9.90404739053572e-152,0.810169184187362,"ENSG00000093072",0,"Multivariate","Marginal","ADA2"
"1639",2.5202789693716e-161,0.810169184187362,"ENSG00000093010",0,"Multivariate","Marginal","COMT"
"1640",1.91754207713978e-182,0.810169184187362,"ENSG00000099901",0,"Multivariate","Marginal","RANBP1"
"1641",5.49781742243987e-213,0.810169184187362,"ENSG00000128228",0,"Multivariate","Marginal","SDF2L1"
"1642",1.74477006352394e-154,0.810169184187362,"ENSG00000250479",0,"Multivariate","Marginal","CHCHD10"
"1643",5.34193574227067e-150,0.810169184187362,"ENSG00000240972",0,"Multivariate","Marginal","MIF"
"1644",2.92441930730409e-178,0.810169184187362,"ENSG00000100219",0,"Multivariate","Marginal","XBP1"
"1645",4.63396753706274e-129,0.810169184187362,"ENSG00000100297",0,"Multivariate","Marginal","MCM5"
"1646",4.29118978624021e-120,0.810169184187362,"ENSG00000241343",0,"Multivariate","Marginal","RPL36A"
"1647",6.15348093433801e-139,0.810169184187362,"ENSG00000136824",7.77806984710559e-308,"Multivariate","Marginal","SMC2"
"1648",4.55618032666452e-129,0.810169184187362,"ENSG00000179218",1.98469146427243e-307,"Multivariate","Marginal","CALR"
"1649",1.89694354953329e-132,0.810169184187362,"ENSG00000102054",3.52320928346074e-307,"Multivariate","Marginal","RBBP7"
"1650",1.29784968441715e-130,0.810169184187362,"ENSG00000148229",8.70475132469493e-307,"Multivariate","Marginal","POLE3"
"1651",1.02279848676077e-156,0.810169184187362,"ENSG00000112118",1.31369316832663e-306,"Multivariate","Marginal","MCM3"
"1652",5.48381628278209e-143,0.810169184187362,"ENSG00000092853",3.92425965720437e-306,"Multivariate","Marginal","CLSPN"
"1653",1.59608252398866e-127,0.810169184187362,"ENSG00000246705",5.47661426635169e-306,"Multivariate","Marginal","H2AJ"
"1654",1.27405903096168e-179,0.810169184187362,"ENSG00000108861",3.18096877308677e-305,"Multivariate","Marginal","DUSP3"
"1655",3.37556132896807e-143,0.810169184187362,"ENSG00000111142",1.24579444720455e-304,"Multivariate","Marginal","METAP2"
"1656",3.78134033262865e-135,0.810169184187362,"ENSG00000178741",1.95321457974927e-304,"Multivariate","Marginal","COX5A"
"1657",1.49328140607106e-161,0.810169184187362,"ENSG00000141385",2.36559815307784e-304,"Multivariate","Marginal","AFG3L2"
"1658",2.1484296949385e-130,0.810169184187362,"ENSG00000169567",3.24192526152722e-304,"Multivariate","Marginal","HINT1"
"1659",2.23009147643036e-147,0.810169184187362,"ENSG00000141759",1.11439569084686e-303,"Multivariate","Marginal","TXNL4A"
"1660",4.00219111309793e-154,0.810169184187362,"ENSG00000129351",1.71312825472362e-303,"Multivariate","Marginal","ILF3"
"1661",6.35457521749867e-145,0.810169184187362,"ENSG00000253729",3.50597466110508e-303,"Multivariate","Marginal","PRKDC"
"1662",4.89836358429854e-159,0.810169184187362,"ENSG00000110107",1.23169012238291e-302,"Multivariate","Marginal","PRPF19"
"1663",4.47201653006961e-144,0.810169184187362,"ENSG00000004779",1.39889806604596e-302,"Multivariate","Marginal","NDUFAB1"
"1664",6.45110123675754e-157,0.810169184187362,"ENSG00000166326",5.56911795345275e-302,"Multivariate","Marginal","TRIM44"
"1665",7.26321718614967e-141,0.810169184187362,"ENSG00000196498",1.17259084634139e-301,"Multivariate","Marginal","NCOR2"
"1666",1.27723255383934e-110,0.810169184187362,"ENSG00000257698",2.2968794290808e-301,"Multivariate","Marginal","GIHCG"
"1667",6.20863256460482e-117,0.810169184187362,"ENSG00000128487",2.6695733009033e-301,"Multivariate","Marginal","SPECC1"
"1668",1.08339915193951e-132,0.810169184187362,"ENSG00000125944",1.12689346023977e-300,"Multivariate","Marginal","HNRNPR"
"1669",3.03464739601489e-149,0.810169184187362,"ENSG00000137563",1.15199635103498e-300,"Multivariate","Marginal","GGH"
"1670",3.88336475817799e-122,0.810169184187362,"ENSG00000079616",1.71999477589728e-300,"Multivariate","Marginal","KIF22"
"1671",8.39741396515254e-167,0.810169184187362,"ENSG00000012061",1.48118583626358e-299,"Multivariate","Marginal","ERCC1"
"1672",1.63888090480058e-120,0.810169184187362,"ENSG00000005022",1.86039673094381e-299,"Multivariate","Marginal","SLC25A5"
"1673",4.44075956604608e-142,0.810169184187362,"ENSG00000167325",3.07950892746807e-299,"Multivariate","Marginal","RRM1"
"1674",3.33878787998211e-155,0.810169184187362,"ENSG00000162909",1.55212990205694e-298,"Multivariate","Marginal","CAPN2"
"1675",8.21941061941055e-149,0.810169184187362,"ENSG00000205339",2.21395343339738e-298,"Multivariate","Marginal","IPO7"
"1676",9.70237919542837e-94,0.810169184187362,"ENSG00000089157",3.64476435403065e-298,"Multivariate","Marginal","RPLP0"
"1677",7.29617442592472e-161,0.810169184187362,"ENSG00000144354",3.66146426321973e-298,"Multivariate","Marginal","CDCA7"
"1678",7.6126559541676e-134,0.810169184187362,"ENSG00000092964",4.5202985370321e-298,"Multivariate","Marginal","DPYSL2"
"1679",1.35499655567979e-127,0.810169184187362,"ENSG00000132646",1.0489653238883e-297,"Multivariate","Marginal","PCNA"
"1680",6.38081388394521e-141,0.810169184187362,"ENSG00000105810",2.7453330944095e-297,"Multivariate","Marginal","CDK6"
"1681",2.70114117310529e-129,0.810169184187362,"ENSG00000198856",4.61967647822068e-297,"Multivariate","Marginal","OSTC"
"1682",7.67387908588552e-143,0.810169184187362,"ENSG00000087269",5.73927954398693e-297,"Multivariate","Marginal","NOP14"
"1683",1.82752984165983e-142,0.810169184187362,"ENSG00000127922",6.23561273825732e-297,"Multivariate","Marginal","SEM1"
"1684",4.93388252730253e-109,0.810169184187362,"ENSG00000115053",7.07386532317396e-297,"Multivariate","Marginal","NCL"
"1685",1.76402426468877e-164,0.810169184187362,"ENSG00000135905",7.120667084317e-297,"Multivariate","Marginal","DOCK10"
"1686",3.34903518360426e-138,0.810169184187362,"ENSG00000144381",1.34910462228763e-296,"Multivariate","Marginal","HSPD1"
"1687",2.6284883737397e-188,0.810169184187362,"ENSG00000176978",1.44976753364441e-296,"Multivariate","Marginal","DPP7"
"1688",2.63470492156883e-174,0.810169184187362,"ENSG00000087116",1.47615668090135e-296,"Multivariate","Marginal","ADAMTS2"
"1689",2.21708226777263e-159,0.810169184187362,"ENSG00000061794",1.6304306724015e-296,"Multivariate","Marginal","MRPS35"
"1690",8.54797150662949e-157,0.810169184187362,"ENSG00000103335",1.80195816711376e-296,"Multivariate","Marginal","PIEZO1"
"1691",2.60533235391558e-123,0.810169184187362,"ENSG00000163584",2.71086029332485e-296,"Multivariate","Marginal","RPL22L1"
"1692",2.74734829624893e-154,0.810169184187362,"ENSG00000006015",2.85810393172059e-296,"Multivariate","Marginal","REX1BD"
"1693",6.63719417224576e-112,0.810169184187362,"ENSG00000182718",3.43269046754292e-296,"Multivariate","Marginal","ANXA2"
"1694",3.26945368317315e-94,0.810169184187362,"ENSG00000172232",4.26410292515006e-296,"Multivariate","Marginal","AZU1"
"1695",1.28931647831642e-99,0.810169184187362,"ENSG00000166598",7.5700748186552e-296,"Multivariate","Marginal","HSP90B1"
"1696",1.40206423882518e-155,0.810169184187362,"ENSG00000173457",8.92061105974569e-296,"Multivariate","Marginal","PPP1R14B"
"1697",1.09888626976646e-149,0.810169184187362,"ENSG00000172590",1.11914472176189e-295,"Multivariate","Marginal","MRPL52"
"1698",2.56748815229627e-133,0.810169184187362,"ENSG00000172716",1.56041064189227e-295,"Multivariate","Marginal","SLFN11"
"1699",3.71772213523896e-171,0.810169184187362,"ENSG00000128050",1.69090045742063e-295,"Multivariate","Marginal","PAICS"
"1700",2.6642484144786e-159,0.810169184187362,"ENSG00000123131",2.70551898161474e-295,"Multivariate","Marginal","PRDX4"
"1701",3.48524448606079e-160,0.810169184187362,"ENSG00000136261",3.05581250339927e-295,"Multivariate","Marginal","BZW2"
"1702",4.02502679342189e-157,0.810169184187362,"ENSG00000108179",1.00004508837367e-294,"Multivariate","Marginal","PPIF"
"1703",4.94467228461004e-155,0.810169184187362,"ENSG00000053371",1.14479916924004e-294,"Multivariate","Marginal","AKR7A2"
"1704",1.20876920469565e-164,0.810169184187362,"ENSG00000114686",1.90277914166889e-294,"Multivariate","Marginal","MRPL3"
"1705",8.34356132396642e-112,0.810169184187362,"ENSG00000187109",2.98574016094477e-294,"Multivariate","Marginal","NAP1L1"
"1706",1.28313094616522e-165,0.810169184187362,"ENSG00000160818",3.50987561041871e-294,"Multivariate","Marginal","GPATCH4"
"1707",5.57132233972866e-170,0.810169184187362,"ENSG00000126457",5.39076676051079e-294,"Multivariate","Marginal","PRMT1"
"1708",2.40960660674937e-164,0.810169184187362,"ENSG00000163811",5.88696074766987e-294,"Multivariate","Marginal","WDR43"
"1709",3.2755230191082e-137,0.810169184187362,"ENSG00000090013",1.57465655791739e-293,"Multivariate","Marginal","BLVRB"
"1710",3.34554466738183e-150,0.810169184187362,"ENSG00000166803",1.67173381462166e-293,"Multivariate","Marginal","PCLAF"
"1711",2.48562744528554e-120,0.810169184187362,"ENSG00000132507",2.29941445585594e-293,"Multivariate","Marginal","EIF5A"
"1712",1.77975080528211e-102,0.810169184187362,"ENSG00000198755",2.91701805713337e-293,"Multivariate","Marginal","RPL10A"
"1713",8.22442602322675e-129,0.810169184187362,"ENSG00000269893",3.38148792155703e-293,"Multivariate","Marginal","SNHG8"
"1714",2.87623371375762e-153,0.810169184187362,"ENSG00000102172",3.68880622626423e-293,"Multivariate","Marginal","SMS"
"1715",1.46348473631992e-119,0.810169184187362,"ENSG00000136315",6.61856217800783e-293,"Multivariate","Marginal",NA
"1716",2.22478700970921e-143,0.810169184187362,"ENSG00000180992",9.01040777118406e-293,"Multivariate","Marginal","MRPL14"
"1717",5.61951668691121e-118,0.810169184187362,"ENSG00000180879",1.10805463361479e-292,"Multivariate","Marginal","SSR4"
"1718",3.56472595571711e-131,0.810169184187362,"ENSG00000119705",6.87473808496175e-292,"Multivariate","Marginal","SLIRP"
"1719",4.81349463696625e-169,0.810169184187362,"ENSG00000196305",7.98251833289242e-292,"Multivariate","Marginal","IARS1"
"1720",1.15103027050145e-137,0.810169184187362,"ENSG00000100216",9.04591152076795e-292,"Multivariate","Marginal","TOMM22"
"1721",5.85875223189113e-150,0.810169184187362,"ENSG00000104613",1.04640923065416e-291,"Multivariate","Marginal","INTS10"
"1722",2.36271071008074e-132,0.810169184187362,"ENSG00000130303",1.55316425287997e-291,"Multivariate","Marginal","BST2"
"1723",2.88083149851044e-143,0.810169184187362,"ENSG00000168393",1.80579106207679e-291,"Multivariate","Marginal","DTYMK"
"1724",4.87190826710504e-165,0.810169184187362,"ENSG00000142168",1.88922172651934e-291,"Multivariate","Marginal","SOD1"
"1725",6.6848106410094e-120,0.810169184187362,"ENSG00000178952",1.94096298601194e-291,"Multivariate","Marginal","TUFM"
"1726",6.55368343962234e-108,0.810169184187362,"ENSG00000136826",3.88721546755343e-291,"Multivariate","Marginal","KLF4"
"1727",1.64235179320136e-157,0.810169184187362,"ENSG00000090266",6.22701315860723e-291,"Multivariate","Marginal","NDUFB2"
"1728",2.35208375720476e-115,0.810169184187362,"ENSG00000164405",7.13895690778813e-291,"Multivariate","Marginal","UQCRQ"
"1729",1.0008848836098e-152,0.810169184187362,"ENSG00000004399",9.42195968785342e-291,"Multivariate","Marginal","PLXND1"
"1730",1.32884152062083e-95,0.810169184187362,"ENSG00000135486",1.14703366145272e-290,"Multivariate","Marginal","HNRNPA1"
"1731",2.80008529459745e-152,0.810169184187362,"ENSG00000105373",1.43638334562002e-290,"Multivariate","Marginal","NOP53"
"1732",2.14244590484363e-164,0.810169184187362,"ENSG00000095380",3.1868685657359e-290,"Multivariate","Marginal","NANS"
"1733",2.16819623410722e-135,0.810169184187362,"ENSG00000138363",5.13658745283064e-290,"Multivariate","Marginal","ATIC"
"1734",1.15825870223756e-159,0.810169184187362,"ENSG00000155438",6.01525680855803e-290,"Multivariate","Marginal","NIFK"
"1735",4.24051950525346e-134,0.810169184187362,"ENSG00000215021",6.95347979889091e-290,"Multivariate","Marginal","PHB2"
"1736",3.66854819179897e-119,0.810169184187362,"ENSG00000089327",7.05086751217835e-290,"Multivariate","Marginal","FXYD5"
"1737",1.77356693886018e-143,0.810169184187362,"ENSG00000184752",1.71485392162632e-289,"Multivariate","Marginal","NDUFA12"
"1738",3.37727101300124e-112,0.810169184187362,"ENSG00000128951",3.87412932596422e-289,"Multivariate","Marginal","DUT"
"1739",1.21913938921704e-122,0.810169184187362,"ENSG00000205544",5.67318774184484e-289,"Multivariate","Marginal","TMEM256"
"1740",3.31558504125348e-91,0.810169184187362,"ENSG00000083845",9.26822092696337e-289,"Multivariate","Marginal","RPS5"
"1741",5.33900849548076e-157,0.810169184187362,"ENSG00000068724",9.796823683556e-289,"Multivariate","Marginal","TTC7A"
"1742",7.99104191707819e-159,0.810169184187362,"ENSG00000167513",1.11978965889156e-288,"Multivariate","Marginal","CDT1"
"1743",2.63660283088078e-140,0.810169184187362,"ENSG00000146731",6.17454317609101e-288,"Multivariate","Marginal","CCT6A"
"1744",1.13866896232789e-124,0.810169184187362,"ENSG00000196950",7.67335576705336e-288,"Multivariate","Marginal","SLC39A10"
"1745",3.706996803345e-124,0.810169184187362,"ENSG00000154146",1.45826826500752e-287,"Multivariate","Marginal","NRGN"
"1746",5.50748714680551e-150,0.810169184187362,"ENSG00000100321",1.85390705351508e-287,"Multivariate","Marginal","SYNGR1"
"1747",2.08018165368938e-142,0.810169184187362,"ENSG00000109685",3.62919483902033e-287,"Multivariate","Marginal","NSD2"
"1748",8.88961196878215e-130,0.810169184187362,"ENSG00000135446",4.75423166021783e-287,"Multivariate","Marginal","CDK4"
"1749",3.34196818600208e-147,0.810169184187362,"ENSG00000149485",4.86732321653863e-287,"Multivariate","Marginal","FADS1"
"1750",1.42504430692362e-136,0.810169184187362,"ENSG00000163463",5.38658060012332e-287,"Multivariate","Marginal","KRTCAP2"
"1751",0.465848501269825,0.810169184187362,"ENSG00000263015",0.999737365187754,"Multivariate","Marginal",NA
"1752",0.116698722178065,0.810169184187362,"ENSG00000231551",0.995950960455154,"Multivariate","Marginal","PDE4DIPP6"
"1753",0.0354220857966544,0.810169184187362,"ENSG00000279753",0.995211925281754,"Multivariate","Marginal",NA
"1754",0.431463486339334,0.810169184187362,"ENSG00000253475",0.993846706935438,"Multivariate","Marginal",NA
"1755",0.432862731355113,0.810169184187362,"ENSG00000259007",0.989436434286504,"Multivariate","Marginal",NA
"1756",0.715208490697396,0.810169184187362,"ENSG00000180891",0.988822610134249,"Multivariate","Marginal","CUEDC1"
"1757",0.340920818714887,0.810169184187362,"ENSG00000249863",0.987288353621557,"Multivariate","Marginal",NA
"1758",0.687168429105703,0.810169184187362,"ENSG00000258565",0.985997513052463,"Multivariate","Marginal",NA
"1759",0.495801017686121,0.810169184187362,"ENSG00000266111",0.98449836912463,"Multivariate","Marginal",NA
"1760",0.898103846398211,0.810169184187362,"ENSG00000169432",0.984063307961357,"Multivariate","Marginal","SCN9A"
"1761",0.00261800311320484,0.810169184187362,"ENSG00000160211",0.982156727241376,"Multivariate","Marginal","G6PD"
"1762",0.267164267344141,0.810169184187362,"ENSG00000263883",0.978913579136251,"Multivariate","Marginal","EEF1DP7"
"1763",0.967530056844229,0.810169184187362,"ENSG00000162066",0.978472322547969,"Multivariate","Marginal","AMDHD2"
"1764",0.494699292118955,0.810169184187362,"ENSG00000092529",0.97822032657719,"Multivariate","Marginal","CAPN3"
"1765",0.0448178314539049,0.810169184187362,"ENSG00000185278",0.975259733698772,"Multivariate","Marginal","ZBTB37"
"1766",0.498575895177328,0.810169184187362,"ENSG00000163082",0.97472888914586,"Multivariate","Marginal","SGPP2"
"1767",0.434458547972588,0.810169184187362,"ENSG00000223584",0.973667948421237,"Multivariate","Marginal","TVP23CP1"
"1768",0.89209642390692,0.810169184187362,"ENSG00000259926",0.972886742317804,"Multivariate","Marginal",NA
"1769",0.432862731355113,0.810169184187362,"ENSG00000258526",0.971965708519882,"Multivariate","Marginal",NA
"1770",0.490661346316368,0.810169184187362,"ENSG00000205918",0.968934670794976,"Multivariate","Marginal","PDPK2P"
"1771",0.092274057836184,0.810169184187362,"ENSG00000170323",0.968907572200065,"Multivariate","Marginal","FABP4"
"1772",0.188942849499963,0.810169184187362,"ENSG00000224259",0.968677080268214,"Multivariate","Marginal","LINC01133"
"1773",0.495246635859794,0.810169184187362,"ENSG00000239920",0.968224628529657,"Multivariate","Marginal",NA
"1774",0.434052677635415,0.810169184187362,"ENSG00000196411",0.966206938533459,"Multivariate","Marginal","EPHB4"
"1775",0.579068168264957,0.810169184187362,"ENSG00000165895",0.965493059817422,"Multivariate","Marginal","ARHGAP42"
"1776",0.556907822382498,0.810169184187362,"ENSG00000240303",0.963659088426018,"Multivariate","Marginal","ACAD11"
"1777",0.641449850333945,0.810169184187362,"ENSG00000274259",0.963615121839128,"Multivariate","Marginal",NA
"1778",0.00222133264968035,0.810169184187362,"ENSG00000144228",0.960850218433918,"Multivariate","Marginal","SPOPL"
"1779",0.585799479150048,0.810169184187362,"ENSG00000183762",0.959911590891899,"Multivariate","Marginal","KREMEN1"
"1780",0.0738009008136389,0.810169184187362,"ENSG00000145780",0.959105278558761,"Multivariate","Marginal","FEM1C"
"1781",0.268925788954966,0.810169184187362,"ENSG00000002726",0.958268999771926,"Multivariate","Marginal","AOC1"
"1782",0.00765436834551556,0.810169184187362,"ENSG00000142185",0.958019473571503,"Multivariate","Marginal","TRPM2"
"1783",0.785322755397486,0.810169184187362,"ENSG00000259583",0.957571170811023,"Multivariate","Marginal","ALDH1A3-AS1"
"1784",0.893957356962276,0.810169184187362,"ENSG00000285851",0.956586105875981,"Multivariate","Marginal",NA
"1785",0.00961489669655507,0.810169184187362,"ENSG00000119402",0.955587585127857,"Multivariate","Marginal","FBXW2"
"1786",0.954661820230891,0.810169184187362,"ENSG00000198682",0.951040740930607,"Multivariate","Marginal","PAPSS2"
"1787",0.83750451153085,0.810169184187362,"ENSG00000223891",0.950144400223258,"Multivariate","Marginal","OSER1-DT"
"1788",0.0788033624399571,0.810169184187362,"ENSG00000261770",0.947321738625797,"Multivariate","Marginal",NA
"1789",0.0053527980624203,0.810169184187362,"ENSG00000184730",0.947125679025773,"Multivariate","Marginal","APOBR"
"1790",0.880888735071072,0.810169184187362,"ENSG00000279913",0.943673521291318,"Multivariate","Marginal",NA
"1791",0.268078368575722,0.810169184187362,"ENSG00000139890",0.943157701256966,"Multivariate","Marginal","REM2"
"1792",0.836421356666616,0.810169184187362,"ENSG00000276289",0.93811138197825,"Multivariate","Marginal","LOC102723475"
"1793",0.784273469466512,0.810169184187362,"ENSG00000257258",0.932356612513679,"Multivariate","Marginal",NA
"1794",0.0527688152295325,0.810169184187362,"ENSG00000003400",0.931074532781021,"Multivariate","Marginal","CASP10"
"1795",0.31788920139289,0.810169184187362,"ENSG00000197782",0.929752920649013,"Multivariate","Marginal","ZNF780A"
"1796",0.086651261943276,0.810169184187362,"ENSG00000266965",0.928172440084708,"Multivariate","Marginal",NA
"1797",0.49746409619635,0.810169184187362,"ENSG00000279434",0.925821345092256,"Multivariate","Marginal",NA
"1798",0.73948659890704,0.810169184187362,"ENSG00000272690",0.924992061818585,"Multivariate","Marginal","LINC02018"
"1799",0.276974962145416,0.810169184187362,"ENSG00000182183",0.922144288957983,"Multivariate","Marginal","SHISAL2A"
"1800",0.817882255123222,0.810169184187362,"ENSG00000143367",0.91791101080606,"Multivariate","Marginal","TUFT1"
"1801",0.414671520993657,0.810169184187362,"ENSG00000228363",0.915555893311269,"Multivariate","Marginal",NA
"1802",0.268078368575722,0.810169184187362,"ENSG00000275278",0.914770987227061,"Multivariate","Marginal",NA
"1803",0.49746409619635,0.810169184187362,"ENSG00000254709",0.914770987227061,"Multivariate","Marginal","IGLL5"
"1804",0.814051853598394,0.810169184187362,"ENSG00000267293",0.912888439453107,"Multivariate","Marginal","LOC100422497"
"1805",0.178330001931935,0.810169184187362,"ENSG00000102882",0.912010762159571,"Multivariate","Marginal","MAPK3"
"1806",0.0790369467104283,0.810169184187362,"ENSG00000181274",0.911996714813212,"Multivariate","Marginal","FRAT2"
"1807",0.00509484596086921,0.810169184187362,"ENSG00000101146",0.911359947156895,"Multivariate","Marginal","RAE1"
"1808",0.509108182715722,0.810169184187362,"ENSG00000253438",0.910279757868587,"Multivariate","Marginal","PCAT1"
"1809",0.516403777853751,0.810169184187362,"ENSG00000188783",0.910073814935582,"Multivariate","Marginal","PRELP"
"1810",0.0820119975763289,0.810169184187362,"ENSG00000065357",0.90685993394245,"Multivariate","Marginal","DGKA"
"1811",0.00520160779611788,0.810169184187362,"ENSG00000261596",0.905681693767886,"Multivariate","Marginal",NA
"1812",0.202351057514058,0.810169184187362,"ENSG00000188580",0.904898315190425,"Multivariate","Marginal","NKAIN2"
"1813",0.794380253062421,0.810169184187362,"ENSG00000258944",0.904625967996358,"Multivariate","Marginal",NA
"1814",0.688128785357047,0.810169184187362,"ENSG00000277053",0.902739440968098,"Multivariate","Marginal","GTF2IP1"
"1815",0.25801734158569,0.810169184187362,"ENSG00000131203",0.902525569334467,"Multivariate","Marginal","IDO1"
"1816",0.155711906776945,0.810169184187362,"ENSG00000111052",0.901931306700115,"Multivariate","Marginal","LIN7A"
"1817",0.115574253298178,0.810169184187362,"ENSG00000285938",0.900880421544505,"Multivariate","Marginal","LOC122526776"
"1818",0.810225893264319,0.810169184187362,"ENSG00000143994",0.899770803036615,"Multivariate","Marginal","ABHD1"
"1819",0.0127638445231689,0.810169184187362,"ENSG00000267430",0.896454519021519,"Multivariate","Marginal","LOC100422317"
"1820",0.430712589986465,0.810169184187362,"ENSG00000256448",0.894495052148958,"Multivariate","Marginal",NA
"1821",0.945534376852676,0.810169184187362,"ENSG00000254275",0.892741347196827,"Multivariate","Marginal",NA
"1822",0.666008981749262,0.810169184187362,"ENSG00000104450",0.892475430341939,"Multivariate","Marginal","SPAG1"
"1823",0.71852936166851,0.810169184187362,"ENSG00000284930",0.888763483576013,"Multivariate","Marginal","LOC101928143"
"1824",0.0779233863977719,0.810169184187362,"ENSG00000146859",0.886693958874512,"Multivariate","Marginal","TMEM140"
"1825",0.674896535591559,0.810169184187362,"ENSG00000225342",0.886579627826154,"Multivariate","Marginal",NA
"1826",0.816195943872804,0.810169184187362,"ENSG00000006327",0.885633099314302,"Multivariate","Marginal","TNFRSF12A"
"1827",0.7046479016064,0.810169184187362,"ENSG00000237827",0.8798688224658,"Multivariate","Marginal","RPS15AP29"
"1828",0.575609675511318,0.810169184187362,"ENSG00000261644",0.876987112256501,"Multivariate","Marginal",NA
"1829",0.236149358376368,0.810169184187362,"ENSG00000133317",0.874733803352369,"Multivariate","Marginal","LGALS12"
"1830",0.110378737350167,0.810169184187362,"ENSG00000157379",0.873414363426864,"Multivariate","Marginal","DHRS1"
"1831",0.68294870957026,0.810169184187362,"ENSG00000259935",0.872200123992894,"Multivariate","Marginal",NA
"1832",0.627263867343748,0.810169184187362,"ENSG00000207508",0.868469935527578,"Multivariate","Marginal","RNU6-1237P"
"1833",0.556576684796987,0.810169184187362,"ENSG00000247853",0.863597969362492,"Multivariate","Marginal",NA
"1834",0.816671764964262,0.810169184187362,"ENSG00000273253",0.863597969362492,"Multivariate","Marginal",NA
"1835",0.39041234205998,0.810169184187362,"ENSG00000248019",0.860735893761096,"Multivariate","Marginal","FAM13A-AS1"
"1836",0.462670486174471,0.810169184187362,"ENSG00000157388",0.85323433346584,"Multivariate","Marginal","CACNA1D"
"1837",0.866850774266171,0.810169184187362,"ENSG00000261573",0.85131514255043,"Multivariate","Marginal",NA
"1838",0.122714820277995,0.810169184187362,"ENSG00000154265",0.850405731483543,"Multivariate","Marginal","ABCA5"
"1839",0.632141132549962,0.810169184187362,"ENSG00000183049",0.849484268658941,"Multivariate","Marginal","CAMK1D"
"1840",0.262680304774313,0.810169184187362,"ENSG00000280334",0.849174635981211,"Multivariate","Marginal",NA
"1841",0.632688188650375,0.810169184187362,"ENSG00000244480",0.842344723717903,"Multivariate","Marginal",NA
"1842",0.971319045622826,0.810169184187362,"ENSG00000265778",0.841843072409617,"Multivariate","Marginal","ZNF516-AS1"
"1843",0.793534435706216,0.810169184187362,"ENSG00000136367",0.841055900545268,"Multivariate","Marginal","ZFHX2"
"1844",0.25261689011374,0.810169184187362,"ENSG00000272650",0.841054622060769,"Multivariate","Marginal",NA
"1845",0.49746409619635,0.810169184187362,"ENSG00000258745",0.841054622060769,"Multivariate","Marginal",NA
"1846",0.785322755397486,0.810169184187362,"ENSG00000137860",0.841054622060769,"Multivariate","Marginal","SLC28A2"
"1847",0.65652840592501,0.810169184187362,"ENSG00000114656",0.839479646301923,"Multivariate","Marginal","CFAP92"
"1848",0.867295521810457,0.810169184187362,"ENSG00000206579",0.838534206514141,"Multivariate","Marginal","XKR4"
"1849",0.578090750056217,0.810169184187362,"ENSG00000219163",0.837746450143713,"Multivariate","Marginal",NA
"1850",0.511096713274072,0.810169184187362,"ENSG00000138134",0.833457656396317,"Multivariate","Marginal","STAMBPL1"
"1851",0.162360256468829,0.810169184187362,"ENSG00000159189",0.826858157350294,"Multivariate","Marginal","C1QC"
"1852",0.963668172213438,0.810169184187362,"ENSG00000165626",0.82421790296811,"Multivariate","Marginal","BEND7"
"1853",0.785322755397486,0.810169184187362,"ENSG00000224672",0.822439118276205,"Multivariate","Marginal",NA
"1854",0.134674051615141,0.810169184187362,"ENSG00000279996",0.821437539120477,"Multivariate","Marginal",NA
"1855",0.414338501880068,0.810169184187362,"ENSG00000163081",0.820681722932795,"Multivariate","Marginal","CCDC140"
"1856",0.100371227758223,0.810169184187362,"ENSG00000204634",0.818657909025372,"Multivariate","Marginal","TBC1D8"
"1857",0.119912843168268,0.810169184187362,"ENSG00000280402",0.816222825844503,"Multivariate","Marginal",NA
"1858",0.327534962103478,0.810169184187362,"ENSG00000233369",0.815986058383553,"Multivariate","Marginal","GTF2IP4"
"1859",0.49746409619635,0.810169184187362,"ENSG00000158578",0.813331182826621,"Multivariate","Marginal","ALAS2"
"1860",0.565445749927965,0.810169184187362,"ENSG00000279801",0.813187817308384,"Multivariate","Marginal",NA
"1861",0.420807529669429,0.810169184187362,"ENSG00000156738",0.812781109841824,"Multivariate","Marginal","MS4A1"
"1862",0.65871026801671,0.810169184187362,"ENSG00000239557",0.812327329109541,"Multivariate","Marginal","PPP2R5CP"
"1863",0.199380028426293,0.810169184187362,"ENSG00000092068",0.810465842442426,"Multivariate","Marginal","SLC7A8"
"1864",0.367937769626062,0.810169184187362,"ENSG00000134545",0.810380110003261,"Multivariate","Marginal","KLRC1"
"1865",0.0266099528809967,0.810169184187362,"ENSG00000248559",0.808715096540528,"Multivariate","Marginal",NA
"1866",0.012193114963458,0.810169184187362,"ENSG00000139318",0.80743486378976,"Multivariate","Marginal","DUSP6"
"1867",0.153759472120605,0.810169184187362,"ENSG00000102921",0.806351244026472,"Multivariate","Marginal","N4BP1"
"1868",0.00120210233250028,0.810169184187362,"ENSG00000197535",0.803530801726133,"Multivariate","Marginal","MYO5A"
"1869",0.964139367505035,0.810169184187362,"ENSG00000245281",0.798377627386724,"Multivariate","Marginal","ASAH1-AS1"
"1870",0.000166518954007832,0.810169184187362,"ENSG00000101109",0.794871706386692,"Multivariate","Marginal","STK4"
"1871",0.46472650864612,0.810169184187362,"ENSG00000115085",0.790076516150867,"Multivariate","Marginal","ZAP70"
"1872",0.00791500795546222,0.810169184187362,"ENSG00000025039",0.788583833219657,"Multivariate","Marginal","RRAGD"
"1873",0.118644309076372,0.810169184187362,"ENSG00000261242",0.787846392699993,"Multivariate","Marginal",NA
"1874",0.816066639906595,0.810169184187362,"ENSG00000163737",0.786921507955592,"Multivariate","Marginal","PF4"
"1875",0.332287149103882,0.810169184187362,"ENSG00000128655",0.786916147911698,"Multivariate","Marginal","PDE11A"
"1876",0.226591969736796,0.810169184187362,"ENSG00000205716",0.784919081167274,"Multivariate","Marginal",NA
"1877",0.606554728306792,0.810169184187362,"ENSG00000274799",0.775473646738353,"Multivariate","Marginal",NA
"1878",0.116375065776523,0.810169184187362,"ENSG00000155093",0.771965819791681,"Multivariate","Marginal","PTPRN2"
"1879",0.234724391874973,0.810169184187362,"ENSG00000229325",0.770849045029966,"Multivariate","Marginal",NA
"1880",0.172128695226717,0.810169184187362,"ENSG00000272211",0.768242150304335,"Multivariate","Marginal",NA
"1881",0.945069650671501,0.810169184187362,"ENSG00000242808",0.767445168136608,"Multivariate","Marginal","SOX2-OT"
"1882",0.785322755397486,0.810169184187362,"ENSG00000163554",0.76462193216364,"Multivariate","Marginal","SPTA1"
"1883",0.657762994768018,0.810169184187362,"ENSG00000263916",0.760119480193517,"Multivariate","Marginal",NA
"1884",0.00023107647842082,0.810169184187362,"ENSG00000155926",0.755452327092691,"Multivariate","Marginal","SLA"
"1885",0.461546807769479,0.810169184187362,"ENSG00000201942",0.752741564415384,"Multivariate","Marginal","RNA5SP363"
"1886",0.498019864137944,0.810169184187362,"ENSG00000273312",0.752733674946102,"Multivariate","Marginal",NA
"1887",0.200570255835445,0.810169184187362,"ENSG00000177238",0.752129982072641,"Multivariate","Marginal","TRIM72"
"1888",0.700602664209963,0.810169184187362,"ENSG00000260086",0.750472194984221,"Multivariate","Marginal",NA
"1889",0.310264792586324,0.810169184187362,"ENSG00000272366",0.749712360605509,"Multivariate","Marginal",NA
"1890",0.0918271338677934,0.810169184187362,"ENSG00000177173",0.74897495581127,"Multivariate","Marginal",NA
"1891",0.140700608081267,0.810169184187362,"ENSG00000210174",0.748740278230547,"Multivariate","Marginal",NA
"1892",0.195103333617827,0.810169184187362,"ENSG00000106330",0.747681179935497,"Multivariate","Marginal","MOSPD3"
"1893",0.371279294520908,0.810169184187362,"ENSG00000250608",0.747434113654555,"Multivariate","Marginal","NUDT16-DT"
"1894",0.215318680948153,0.810169184187362,"ENSG00000108932",0.742579792217655,"Multivariate","Marginal","SLC16A6"
"1895",0.619027679638712,0.810169184187362,"ENSG00000266900",0.741884825154197,"Multivariate","Marginal",NA
"1896",0.671232728538285,0.810169184187362,"ENSG00000272627",0.740324156458629,"Multivariate","Marginal",NA
"1897",0.609619987095985,0.810169184187362,"ENSG00000222112",0.739607839482944,"Multivariate","Marginal","RN7SKP16"
"1898",0.204788839461016,0.810169184187362,"ENSG00000166946",0.738482630783319,"Multivariate","Marginal","CCNDBP1"
"1899",0.474326629904609,0.810169184187362,"ENSG00000238005",0.738409022372518,"Multivariate","Marginal","LNCATV"
"1900",0.0854531243965053,0.810169184187362,"ENSG00000254884",0.734467384168018,"Multivariate","Marginal",NA
"1901",0.999032217516213,0.810169184187362,"ENSG00000227383",0.731508768358678,"Multivariate","Marginal",NA
"1902",0.202863853438409,0.810169184187362,"ENSG00000237892",0.730321495293649,"Multivariate","Marginal",NA
"1903",5.97609105156977e-05,0.810169184187362,"ENSG00000198146",0.729070231043188,"Multivariate","Marginal","ZNF770"
"1904",0.632688188650375,0.810169184187362,"ENSG00000285091",0.727977305023145,"Multivariate","Marginal",NA
"1905",0.325493271781284,0.810169184187362,"ENSG00000122547",0.727533178030851,"Multivariate","Marginal","EEPD1"
"1906",0.524073226609524,0.810169184187362,"ENSG00000139631",0.727182923860486,"Multivariate","Marginal","CSAD"
"1907",0.30924743651659,0.810169184187362,"ENSG00000171119",0.726758291374831,"Multivariate","Marginal","NRTN"
"1908",0.562599594717959,0.810169184187362,"ENSG00000248863",0.726455375698665,"Multivariate","Marginal",NA
"1909",0.50745551027402,0.810169184187362,"ENSG00000261971",0.725685820621817,"Multivariate","Marginal",NA
"1910",0.659306421456989,0.810169184187362,"ENSG00000280248",0.724929021189426,"Multivariate","Marginal",NA
"1911",0.263955144533678,0.810169184187362,"ENSG00000140287",0.724827755770219,"Multivariate","Marginal","HDC"
"1912",0.262680304774313,0.810169184187362,"ENSG00000143185",0.722780426909486,"Multivariate","Marginal","XCL2"
"1913",0.723102601904142,0.810169184187362,"ENSG00000243335",0.720901561047667,"Multivariate","Marginal","KCTD7"
"1914",0.703179515181754,0.810169184187362,"ENSG00000105205",0.715869596252995,"Multivariate","Marginal","CLC"
"1915",0.1704172108415,0.810169184187362,"ENSG00000111537",0.715114309907256,"Multivariate","Marginal","IFNG"
"1916",0.868105872761593,0.810169184187362,"ENSG00000281005",0.709804096884043,"Multivariate","Marginal","LINC00921"
"1917",0.433457504537299,0.810169184187362,"ENSG00000273133",0.709403870727538,"Multivariate","Marginal",NA
"1918",0.738882413238689,0.810169184187362,"ENSG00000252620",0.706492746626183,"Multivariate","Marginal","RNU6ATAC24P"
"1919",0.794803207528795,0.810169184187362,"ENSG00000254995",0.706492746626183,"Multivariate","Marginal","STX16-NPEPL1"
"1920",0.583423596605902,0.810169184187362,"ENSG00000107779",0.706304126749519,"Multivariate","Marginal","BMPR1A"
"1921",0.905934533568381,0.810169184187362,"ENSG00000256812",0.706207620507404,"Multivariate","Marginal","CAPNS2"
"1922",0.88809619739349,0.810169184187362,"ENSG00000225205",0.703153636278043,"Multivariate","Marginal",NA
"1923",0.140972946136097,0.810169184187362,"ENSG00000107317",0.702694213974597,"Multivariate","Marginal","PTGDS"
"1924",0.337014183760544,0.810169184187362,"ENSG00000278920",0.70224188804692,"Multivariate","Marginal",NA
"1925",0.762276304065708,0.810169184187362,"ENSG00000230789",0.701654166758368,"Multivariate","Marginal","ARHGAP26-IT1"
"1926",0.220601704837216,0.810169184187362,"ENSG00000173559",0.700087093484017,"Multivariate","Marginal","NABP1"
"1927",0.576626952016768,0.810169184187362,"ENSG00000251393",0.699569761391057,"Multivariate","Marginal",NA
"1928",0.776477863334749,0.810169184187362,"ENSG00000225450",0.699393016260579,"Multivariate","Marginal",NA
"1929",0.166294007484615,0.810169184187362,"ENSG00000279227",0.698026359144375,"Multivariate","Marginal",NA
"1930",0.965320930042357,0.810169184187362,"ENSG00000236334",0.696632959702755,"Multivariate","Marginal","PPIAL4G"
"1931",0.657889406370783,0.810169184187362,"ENSG00000273797",0.691253550338639,"Multivariate","Marginal",NA
"1932",0.473046994841133,0.810169184187362,"ENSG00000228097",0.690623326153741,"Multivariate","Marginal","MTATP6P11"
"1933",0.0691289428143022,0.810169184187362,"ENSG00000279917",0.690420343310234,"Multivariate","Marginal",NA
"1934",0.0942586048880429,0.810169184187362,"ENSG00000111729",0.690179013658928,"Multivariate","Marginal","CLEC4A"
"1935",0.574069805792739,0.810169184187362,"ENSG00000131471",0.689885379518962,"Multivariate","Marginal","AOC3"
"1936",0.19069523045951,0.810169184187362,"ENSG00000252908",0.689282228899971,"Multivariate","Marginal","RNU6-1003P"
"1937",0.414671520993657,0.810169184187362,"ENSG00000275569",0.688720782920292,"Multivariate","Marginal",NA
"1938",0.335299780821194,0.810169184187362,"ENSG00000196754",0.685811759297238,"Multivariate","Marginal","S100A2"
"1939",0.0579982096997396,0.810169184187362,"ENSG00000278829",0.685209893454845,"Multivariate","Marginal",NA
"1940",0.73915310178073,0.810169184187362,"ENSG00000161921",0.682736552835826,"Multivariate","Marginal","CXCL16"
"1941",0.425032483931564,0.810169184187362,"ENSG00000075399",0.681916501943077,"Multivariate","Marginal","VPS9D1"
"1942",0.578699489806647,0.810169184187362,"ENSG00000157064",0.677044062265568,"Multivariate","Marginal","NMNAT2"
"1943",0.146826978550846,0.810169184187362,"ENSG00000144815",0.674446604309112,"Multivariate","Marginal","NXPE3"
"1944",0.958482314951146,0.810169184187362,"ENSG00000236709",0.67310330652271,"Multivariate","Marginal","DAPK1-IT1"
"1945",0.0661395588751106,0.810169184187362,"ENSG00000162777",0.666206520413436,"Multivariate","Marginal","DENND2D"
"1946",0.707325832299374,0.810169184187362,"ENSG00000236021",0.659289279698819,"Multivariate","Marginal",NA
"1947",0.00945805272190364,0.810169184187362,"ENSG00000158828",0.658928995747582,"Multivariate","Marginal","PINK1"
"1948",0.5481795039093,0.810169184187362,"ENSG00000205682",0.656699196834113,"Multivariate","Marginal",NA
"1949",0.65871026801671,0.810169184187362,"ENSG00000274512",0.655675521342527,"Multivariate","Marginal","TBC1D3"
"1950",0.658906615504137,0.810169184187362,"ENSG00000123360",0.652162144012762,"Multivariate","Marginal","PDE1B"
"1951",0.72496758866684,0.810169184187362,"ENSG00000136197",0.65192534373583,"Multivariate","Marginal","C7orf25"
"1952",0.908611806383713,0.810169184187362,"ENSG00000129467",0.651196494961001,"Multivariate","Marginal","ADCY4"
"1953",0.0922453236356917,0.810169184187362,"ENSG00000260093",0.650148807352146,"Multivariate","Marginal",NA
"1954",0.726639196847728,0.810169184187362,"ENSG00000263766",0.650148807352146,"Multivariate","Marginal","KPNB1-DT"
"1955",0.667895217606716,0.810169184187362,"ENSG00000239887",0.649233151837146,"Multivariate","Marginal","C1orf226"
"1956",0.766597604675629,0.810169184187362,"ENSG00000279145",0.644442846380511,"Multivariate","Marginal",NA
"1957",0.547612980562428,0.810169184187362,"ENSG00000273033",0.643748184132802,"Multivariate","Marginal","LINC02035"
"1958",0.0862554060956179,0.810169184187362,"ENSG00000121716",0.641846535044973,"Multivariate","Marginal","PILRB"
"1959",0.509527750928852,0.810169184187362,"ENSG00000099999",0.640873909228935,"Multivariate","Marginal","RNF215"
"1960",0.222618855658406,0.810169184187362,"ENSG00000143452",0.637886562073829,"Multivariate","Marginal","HORMAD1"
"1961",0.145796699013152,0.810169184187362,"ENSG00000267365",0.636688637572917,"Multivariate","Marginal","KCNJ2-AS1"
"1962",0.666130223511853,0.810169184187362,"ENSG00000185385",0.634888033035597,"Multivariate","Marginal","OR7A17"
"1963",0.970837196639585,0.810169184187362,"ENSG00000277558",0.631149837931359,"Multivariate","Marginal",NA
"1964",0.268078368575722,0.810169184187362,"ENSG00000161040",0.630598049276035,"Multivariate","Marginal","FBXL13"
"1965",0.417926922300025,0.810169184187362,"ENSG00000267312",0.630046416041681,"Multivariate","Marginal",NA
"1966",0.000748897413148839,0.810169184187362,"ENSG00000116396",0.629086560244852,"Multivariate","Marginal","KCNC4"
"1967",0.971800899789589,0.810169184187362,"ENSG00000278961",0.628943616065782,"Multivariate","Marginal","LOC107983987"
"1968",0.0471846643713484,0.810169184187362,"ENSG00000138639",0.628589116677435,"Multivariate","Marginal","ARHGAP24"
"1969",0.236416262631978,0.810169184187362,"ENSG00000167261",0.62825403600683,"Multivariate","Marginal","DPEP2"
"1970",0.348809600480556,0.810169184187362,"ENSG00000168813",0.627830260557815,"Multivariate","Marginal","ZNF507"
"1971",1.80197114949045e-05,0.810169184187362,"ENSG00000112419",0.627041405570184,"Multivariate","Marginal","PHACTR2"
"1972",0.287761076155998,0.810169184187362,"ENSG00000139190",0.620935457907765,"Multivariate","Marginal","VAMP1"
"1973",0.156255800791001,0.810169184187362,"ENSG00000248858",0.620212848027523,"Multivariate","Marginal","FLJ46284"
"1974",0.656511300567745,0.810169184187362,"ENSG00000090661",0.618318489592167,"Multivariate","Marginal","CERS4"
"1975",0.597697203017194,0.810169184187362,"ENSG00000241772",0.615534713353061,"Multivariate","Marginal",NA
"1976",0.226591685261213,0.810169184187362,"ENSG00000227730",0.6152104667618,"Multivariate","Marginal","MTND6P5"
"1977",0.626243267885526,0.810169184187362,"ENSG00000243650",0.612281812071248,"Multivariate","Marginal","RN7SL834P"
"1978",0.13602885757062,0.810169184187362,"ENSG00000119514",0.612259108148266,"Multivariate","Marginal","GALNT12"
"1979",0.845819317690415,0.810169184187362,"ENSG00000183091",0.612008958630386,"Multivariate","Marginal","NEB"
"1980",0.785824581376714,0.810169184187362,"ENSG00000266680",0.611600718370791,"Multivariate","Marginal",NA
"1981",0.0921892102390141,0.810169184187362,"ENSG00000005844",0.610588870994132,"Multivariate","Marginal","ITGAL"
"1982",0.841300158932357,0.810169184187362,"ENSG00000281772",0.608373640309977,"Multivariate","Marginal",NA
"1983",0.339334347649157,0.810169184187362,"ENSG00000250254",0.608300041864721,"Multivariate","Marginal","PTTG2"
"1984",0.786828409917054,0.810169184187362,"ENSG00000145649",0.607585080394432,"Multivariate","Marginal","GZMA"
"1985",0.0792846008818937,0.810169184187362,"ENSG00000272941",0.607038467196578,"Multivariate","Marginal",NA
"1986",0.340920818714887,0.810169184187362,"ENSG00000253636",0.607038467196578,"Multivariate","Marginal",NA
"1987",0.142165028012522,0.810169184187362,"ENSG00000099866",0.607038467196578,"Multivariate","Marginal","MADCAM1"
"1988",0.0790173042601723,0.810169184187362,"ENSG00000023839",0.603785890991288,"Multivariate","Marginal","ABCC2"
"1989",0.907720763810056,0.810169184187362,"ENSG00000205791",0.60043466017625,"Multivariate","Marginal","LOH12CR2"
"1990",0.0170635348121073,0.810169184187362,"ENSG00000049249",0.599275750464124,"Multivariate","Marginal","TNFRSF9"
"1991",0.0959689983307767,0.810169184187362,"ENSG00000167608",0.597828695425291,"Multivariate","Marginal","TMC4"
"1992",0.789287168575843,0.810169184187362,"ENSG00000264916",0.596414555770302,"Multivariate","Marginal","RN7SL230P"
"1993",0.666130223511853,0.810169184187362,"ENSG00000185189",0.593886879179901,"Multivariate","Marginal","NRBP2"
"1994",0.141188342113552,0.810169184187362,"ENSG00000228599",0.591302492218448,"Multivariate","Marginal","RPL7P52"
"1995",0.892696836740585,0.810169184187362,"ENSG00000225195",0.588085036971918,"Multivariate","Marginal",NA
"1996",0.203264094925002,0.810169184187362,"ENSG00000273018",0.587466000632718,"Multivariate","Marginal","FAM106A"
"1997",0.0514952921150439,0.810169184187362,"ENSG00000204390",0.587220712227006,"Multivariate","Marginal","HSPA1L"
"1998",0.0320864506486623,0.810169184187362,"ENSG00000158163",0.586964522576095,"Multivariate","Marginal","DZIP1L"
"1999",0.158850089415935,0.810169184187362,"ENSG00000138613",0.58611519989552,"Multivariate","Marginal","APH1B"
"2000",0.226547081968157,0.810169184187362,"ENSG00000185619",0.586100886762888,"Multivariate","Marginal","PCGF3"
